# 1: Detection or Track-id,  2: Video or Image Identifier,  3: Unique Frame Identifier,  4-7: Img-bbox(TL_x,TL_y,BR_x,BR_y),  8: Detection or Length Confidence,  9: Target Length (0 or -1 if invalid),  10-11+: Repeated Species, Confidence Pairs or Attributes
# Written on: Wed Mar 24 16:56:15 2021   by: write_detected_object_set_viame_csv
0,20150624_SSLC0013_C.jpg,0,1566,1107,1617,1165,1,0,Juv,1,(poly) 1595 1129 1594 1130 1586 1130 1584 1132 1585 1138 1587 1142 1588 1141 1596 1141 1596 1130,(note) box_source: 'refinement-2020-03-18',(note) changelog: ['created: 2020-03-18T220817+5']
1,20150624_SSLC0013_C.jpg,0,2142,1976,2260,2096,1,0,Bull,1,(poly) 2246 1980 2221 1977 2169 2028 2168 2068 2151 2078 2150 2091 2175 2091 2196 2080 2248 2026 2256 1998,(kp) dot 2191.54 2048.96,(note) box_source: 'generic_det'
2,20150624_SSLC0013_C.jpg,0,1567,703,1684,811,1,0,Bull,1,(poly) 1616 744 1602 776 1594 782 1592 790 1604 791 1617 800 1630 802 1637 787 1637 746,(kp) dot 1630.84 759.35,(note) box_source: 'cascade'
3,20150624_SSLC0013_C.jpg,0,2427,1041,2534,1151,1,0,SAM,1,(poly) 2520 1044 2483 1056 2460 1084 2431 1145 2466 1138 2512 1110 2531 1082 2532 1063,(kp) dot 2479.1 1092.57,(note) box_source: 'cascade'
4,20150624_SSLC0013_C.jpg,0,1734,1001,1806,1090,1,0,Fem,1,(poly) 1741 1028 1736 1039 1737 1057 1756 1080 1773 1083 1803 1074 1779 1061 1783 1042 1795 1027 1769 1025 1762 1017 1755 1017,(kp) dot 1762.2 1058.12,(note) box_source: 'dot_heuristic'
5,20150624_SSLC0013_C.jpg,0,1517,1329,1597,1388,1,0,Fem,1,(poly) 1518 1344 1519 1363 1556 1384 1575 1379 1584 1370 1580 1360 1568 1359 1566 1353 1543 1337 1527 1336,(kp) dot 1547.53 1361.7,(note) box_source: 'dot_heuristic'
6,20150624_SSLC0013_C.jpg,0,2063,1344,2202,1403,1,0,Fem,1,(poly) 2069 1387 2077 1395 2099 1394 2113 1400 2135 1401 2168 1393 2173 1384 2183 1382 2187 1378 2187 1369 2185 1366 2148 1363 2130 1366 2122 1362 2112 1363 2094 1375 2085 1374,(kp) dot 2120.25 1380.93,(note) box_source: 'cascade'
7,20150624_SSLC0013_C.jpg,0,1643,1988,1762,2088,1,0,Fem,1,(poly) 1751 2006 1728 1991 1707 1989 1698 1994 1671 2030 1663 2055 1673 2062 1691 2052 1706 2053 1707 2047 1720 2049 1730 2025 1739 2014 1749 2015,(kp) dot 1698.92 2016.12,(note) box_source: 'dot_heuristic'
8,20150624_SSLC0013_C.jpg,0,1908,1145,1979,1242,1,0,Fem,1,(poly) 1932 1168 1929 1171 1932 1190 1926 1192 1928 1210 1939 1221 1972 1237 1975 1228 1959 1207 1953 1190 1955 1184 1946 1183,(kp) dot 1948.04 1211.11,(note) box_source: 'generic_det'
9,20150624_SSLC0013_C.jpg,0,1669,793,1732,864,1,0,Juv,1,(poly) 1703 812 1697 812 1697 818 1689 827 1693 845 1699 855 1701 850 1705 847 1710 847 1713 841 1710 835 1710 828 1706 822 1705 814,(kp) dot 1701.33 824.23,(note) box_source: 'cascade'
10,20150624_SSLC0013_C.jpg,0,1689,836,1733,917,1,0,Juv,1,(poly) 1704 850 1700 854 1700 865 1694 873 1693 884 1695 887 1718 887 1723 864 1718 857 1713 857 1708 850,(kp) dot 1711.74 877.9,(note) box_source: 'cascade'
11,20150624_SSLC0013_C.jpg,0,1721,862,1794,935,1,0,Juv,1,(poly) 1726 878 1749 921 1762 927 1774 927 1788 918 1769 908 1772 889 1761 889 1756 881 1739 873 1731 873,(kp) dot 1746.18 893.92,(note) box_source: 'cascade'
12,20150624_SSLC0013_C.jpg,0,1597,876,1667,957,1,0,Juv,1,(poly) 1626 904 1624 906 1624 923 1628 924 1638 934 1638 938 1644 939 1645 932 1651 929 1653 918 1646 912,(kp) dot 1642.85 903.53,(note) box_source: 'cascade'
13,20150624_SSLC0013_C.jpg,0,1549,844,1637,897,1,0,Juv,1,(poly) 1578 862 1581 868 1580 879 1587 888 1593 888 1610 877 1620 877 1633 867 1633 864 1630 863 1608 866 1600 861,(kp) dot 1581.98 874.69,(note) box_source: 'cascade'
14,20150624_SSLC0013_C.jpg,0,1520,859,1599,936,1,0,Juv,1,(poly) 1524 871 1525 877 1542 894 1542 904 1550 914 1576 909 1573 888 1553 867 1533 863,(kp) dot 1557.15 893.12,(note) box_source: 'cascade'
15,20150624_SSLC0013_C.jpg,0,1511,941,1596,997,1,0,Juv,1,(poly) 1546 958 1544 964 1544 976 1546 978 1563 978 1563 968 1561 966 1561 963 1555 957,(kp) dot 1562.75 965.21,(note) box_source: 'cascade'
16,20150624_SSLC0013_C.jpg,0,1591,946,1636,1022,1,0,Juv,1,(poly) 1608 976 1605 979 1605 985 1607 989 1610 992 1612 991 1617 991 1618 990 1618 987 1617 986 1617 976,(kp) dot 1613.22 978.02,(note) box_source: 'cascade'
17,20150624_SSLC0013_C.jpg,0,1605,935,1668,1000,1,0,Juv,1,(poly) 1628 963 1628 969 1630 973 1642 973 1643 972 1642 961 1639 959 1631 960,(kp) dot 1639.65 971.61,(note) box_source: 'cascade'
18,20150624_SSLC0013_C.jpg,0,1654,946,1698,1020,1,0,Juv,1,(poly) 1682 948 1677 948 1675 950 1676 956 1665 969 1664 976 1667 979 1667 984 1664 991 1678 992 1690 971 1690 957,(kp) dot 1670.89 978.02,(note) box_source: 'cascade'
19,20150624_SSLC0013_C.jpg,0,1724,948,1806,998,1,0,Juv,1,(poly) 1732 968 1732 972 1742 978 1746 978 1752 983 1767 984 1773 977 1773 966 1769 963 1738 962,(kp) dot 1774.22 974.82,(note) box_source: 'cascade'
20,20150624_SSLC0013_C.jpg,0,1735,961,1864,1039,1,0,Juv,1,(poly) 1770 1004 1788 1020 1827 1026 1841 1013 1854 1010 1860 999 1847 996 1844 999 1831 1000 1822 998 1815 991 1796 989 1789 984 1784 989 1775 990,(kp) dot 1819.87 1002.05,(note) box_source: 'cascade'
21,20150624_SSLC0013_C.jpg,0,1830,1012,1890,1063,1,0,Juv,1,(poly) 1863 1030 1855 1031 1852 1034 1855 1044 1858 1043 1864 1044 1865 1043 1866 1033,(kp) dot 1856.72 1039.7,(note) box_source: 'dot_heuristic'
22,20150624_SSLC0013_C.jpg,0,1825,1049,1889,1101,1,0,Juv,1,(poly) 1839 1051 1827 1064 1842 1078 1841 1082 1858 1093 1865 1080 1866 1071 1853 1053,(kp) dot 1857.52 1071.74,(note) box_source: 'dot_heuristic'
23,20150624_SSLC0013_C.jpg,0,1772,1035,1845,1091,1,0,Juv,1,(poly) 1800 1058 1799 1066 1797 1067 1804 1072 1804 1077 1818 1080 1820 1079 1820 1075 1824 1073 1830 1079 1830 1076 1834 1073 1818 1057 1812 1054,(kp) dot 1813.47 1067.73,(note) box_source: 'dot_heuristic'
24,20150624_SSLC0013_C.jpg,0,1660,1019,1743,1092,1,0,Juv,1,(poly) 1693 1048 1693 1060 1692 1061 1693 1062 1709 1062 1709 1048,(kp) dot 1708.54 1060.53,(note) box_source: 'dot_heuristic'
25,20150624_SSLC0013_C.jpg,0,1630,1006,1705,1061,1,0,Juv,1,(poly) 1652 1039 1658 1046 1662 1048 1670 1048 1671 1045 1678 1039 1680 1039 1686 1032 1679 1032 1674 1028 1660 1028 1660 1030 1652 1036,(kp) dot 1651.66 1019.67,(note) box_source: 'generic_det'
26,20150624_SSLC0013_C.jpg,0,1564,975,1634,1060,1,0,Juv,1,(poly) 1581 980 1576 991 1591 1017 1592 1028 1608 1039 1614 1050 1620 1050 1626 1020 1630 1017 1629 998 1615 1000 1591 980,(kp) dot 1602.8 1018.07,(note) box_source: 'cascade'
27,20150624_SSLC0013_C.jpg,0,1538,977,1600,1034,1,0,Juv,1,(poly) 1548 984 1548 1008 1563 1025 1574 1023 1580 1018 1590 1019 1575 991 1576 982 1555 980,(kp) dot 1557.95 1011.66,(note) box_source: 'dot_heuristic'
28,20150624_SSLC0013_C.jpg,0,1535,1025,1646,1090,1,0,Juv,1,(poly) 1593 1042 1585 1050 1577 1051 1579 1063 1584 1068 1597 1070 1601 1063 1601 1051,(kp) dot 1610.81 1062.13,(note) box_source: 'dot_heuristic'
29,20150624_SSLC0013_C.jpg,0,1494,1040,1604,1123,1,0,Juv,1,(poly) 1536 1076 1536 1085 1538 1089 1559 1089 1561 1076 1564 1072 1559 1068 1547 1068 1541 1073 1538 1073,(kp) dot 1580.38 1082.15,(note) box_source: 'cascade'
30,20150624_SSLC0013_C.jpg,0,1483,1044,1573,1094,1,0,Juv,1,(poly) 1519 1064 1519 1073 1523 1075 1526 1074 1538 1074 1543 1070 1543 1064 1541 1062 1532 1062 1529 1064 1527 1064 1525 1062 1522 1062,(kp) dot 1526.71 1062.93,(note) box_source: 'seal_det'
31,20150624_SSLC0013_C.jpg,0,1356,1076,1444,1135,1,0,Juv,1,(poly) 1375 1090 1376 1106 1407 1122 1429 1118 1441 1103 1437 1098 1423 1098 1391 1084,(kp) dot 1401.75 1099.77,(note) box_source: 'cascade'
32,20150624_SSLC0013_C.jpg,0,1423,1097,1495,1143,1,0,Juv,1,(poly) 1430 1098 1431 1109 1441 1111 1438 1120 1450 1122 1459 1132 1464 1131 1468 1134 1488 1116 1487 1111 1475 1104 1457 1104,(kp) dot 1447.41 1109.39,(note) box_source: 'cascade'
33,20150624_SSLC0013_C.jpg,0,1445,1145,1539,1222,1,0,Juv,1,(poly) 1503 1168 1479 1169 1466 1177 1464 1176 1460 1178 1456 1184 1460 1189 1460 1192 1493 1193 1502 1191 1506 1188,(kp) dot 1457.82 1155.04,(note) box_source: 'cascade'
34,20150624_SSLC0013_C.jpg,0,1424,1116,1484,1187,1,0,Juv,1,(poly) 1442 1144 1446 1149 1446 1155 1448 1158 1459 1158 1459 1144 1456 1141 1449 1141 1447 1143,(kp) dot 1526.71 1131.81,(note) box_source: 'generic_det'
35,20150624_SSLC0013_C.jpg,0,1495,1086,1561,1167,1,0,Juv,1,(poly) 1530 1112 1521 1118 1521 1125 1519 1129 1519 1132 1521 1134 1534 1134 1535 1129 1538 1124 1537 1118 1534 1117,(kp) dot 1513.09 1182.28,(note) box_source: 'seal_det'
36,20150624_SSLC0013_C.jpg,0,1538,1130,1586,1211,1,0,Juv,1,(poly) 1557 1162 1557 1178 1566 1178 1568 1175 1573 1174 1570 1162 1564 1162 1562 1160 1559 1160,(kp) dot 1561.15 1148.64,(note) box_source: 'cascade'
37,20150624_SSLC0013_C.jpg,0,1579,1109,1623,1178,1,0,Juv,1,(poly) 1613 1115 1610 1114 1594 1130 1595 1133 1581 1154 1580 1167 1585 1173 1590 1173 1613 1148 1620 1127,(kp) dot 1600.4 1145.43,(note) box_source: 'cascade'
38,20150624_SSLC0013_C.jpg,0,1624,1068,1708,1121,1,0,Juv,1,(poly) 1681 1088 1676 1083 1668 1082 1666 1071 1658 1077 1638 1080 1628 1091 1626 1108 1630 1110 1641 1099 1653 1108 1671 1104 1681 1094,(kp) dot 1663.68 1094.17,(note) box_source: 'generic_det'
39,20150624_SSLC0013_C.jpg,0,1699,1075,1744,1146,1,0,Juv,1,(poly) 1709 1078 1701 1090 1704 1103 1715 1116 1721 1133 1731 1140 1738 1135 1738 1116 1723 1086 1715 1078,(kp) dot 1725.36 1114.99,(note) box_source: 'dot_heuristic'
40,20150624_SSLC0013_C.jpg,0,1625,1107,1717,1158,1,0,Juv,1,(poly) 1661 1120 1654 1126 1657 1142 1668 1155 1676 1151 1676 1143 1681 1136 1680 1123 1671 1120,(kp) dot 1682.1 1139.02,(note) box_source: 'dot_heuristic'
41,20150624_SSLC0013_C.jpg,0,1579,1122,1671,1214,1,0,Juv,1,(poly) 1648 1124 1622 1125 1615 1147 1586 1174 1591 1188 1602 1192 1624 1183 1652 1195 1647 1172 1655 1165 1666 1171 1667 1156,(kp) dot 1638.05 1152.64,(note) box_source: 'cascade'
42,20150624_SSLC0013_C.jpg,0,1666,1153,1742,1203,1,0,Juv,1,(poly) 1696 1173 1696 1182 1698 1183 1709 1183 1711 1182 1713 1179 1713 1175 1710 1172 1698 1172,(kp) dot 1710.14 1169.46,(note) box_source: 'dot_heuristic'
43,20150624_SSLC0013_C.jpg,0,1738,1121,1781,1188,1,0,Juv,1,(poly) 1746 1145 1745 1159 1747 1161 1754 1162 1758 1166 1762 1166 1768 1157 1763 1150 1763 1147 1751 1147 1749 1145,(kp) dot 1759.8 1159.85,(note) box_source: 'dot_heuristic'
44,20150624_SSLC0013_C.jpg,0,1758,1121,1822,1165,1,0,Juv,1,(poly) 1763 1142 1764 1150 1772 1159 1787 1160 1802 1154 1818 1156 1817 1145 1809 1139 1785 1136 1782 1139 1766 1139,(kp) dot 1790.24 1139.82,(note) box_source: 'dot_heuristic'
45,20150624_SSLC0013_C.jpg,0,1749,1082,1822,1130,1,0,Juv,1,(poly) 1779 1094 1778 1095 1778 1110 1792 1110 1796 1105 1796 1098 1786 1096 1783 1094,(kp) dot 1781.43 1102.18,(note) box_source: 'dot_heuristic'
46,20150624_SSLC0013_C.jpg,0,1760,1075,1847,1147,1,0,Juv,1,(poly) 1797 1099 1794 1103 1793 1108 1794 1118 1798 1118 1800 1120 1813 1120 1816 1116 1812 1111 1812 1103 1807 1103 1803 1099,(kp) dot 1819.07 1098.17,(note) box_source: 'dot_heuristic'
47,20150624_SSLC0013_C.jpg,0,1832,1082,1898,1139,1,0,Juv,1,(poly) 1835 1086 1835 1095 1841 1106 1850 1114 1858 1116 1875 1114 1873 1103 1866 1104 1845 1084,(kp) dot 1857.52 1107.78,(note) box_source: 'dot_heuristic'
48,20150624_SSLC0013_C.jpg,0,1769,1116,1845,1155,1,0,Juv,1,(poly) 1814 1129 1808 1129 1804 1131 1799 1131 1799 1139 1814 1139,(kp) dot 1817.47 1131.81,(note) box_source: 'generic_det'
49,20150624_SSLC0013_C.jpg,0,1836,1110,1901,1173,1,0,Juv,1,(poly) 1855 1135 1850 1142 1855 1150 1873 1158 1884 1169 1889 1170 1897 1163 1899 1145 1891 1137 1867 1131,(kp) dot 1870.34 1147.83,(note) box_source: 'dot_heuristic'
50,20150624_SSLC0013_C.jpg,0,1809,1150,1886,1180,1,0,Juv,1,(poly) 1839 1162 1839 1167 1855 1167 1855 1162 1854 1161 1850 1161 1849 1160 1841 1160,(kp) dot 1848.71 1166.26,(note) box_source: 'dot_heuristic'
51,20150624_SSLC0013_C.jpg,0,1783,1147,1839,1184,1,0,Juv,1,(poly) 1816 1158 1812 1158 1808 1155 1798 1157 1786 1169 1786 1177 1790 1180 1800 1180 1803 1177 1807 1177 1816 1169,(kp) dot 1799.85 1167.86,(note) box_source: 'dot_heuristic'
52,20150624_SSLC0013_C.jpg,0,1794,1173,1866,1204,1,0,Juv,1,(poly) 1849 1184 1842 1177 1831 1179 1810 1179 1801 1186 1800 1194 1819 1197 1821 1199 1828 1199 1838 1195 1845 1190,(kp) dot 1823.88 1189.49,(note) box_source: 'dot_heuristic'
53,20150624_SSLC0013_C.jpg,0,1816,1176,1914,1220,1,0,Juv,1,(poly) 1880 1196 1872 1187 1866 1187 1861 1193 1839 1197 1822 1210 1828 1215 1846 1215 1874 1203,(kp) dot 1851.11 1197.5,(note) box_source: 'seal_det'
54,20150624_SSLC0013_C.jpg,0,1856,1184,1929,1233,1,0,Juv,1,(poly) 1922 1205 1917 1196 1906 1189 1892 1193 1860 1210 1859 1221 1868 1229 1884 1228 1908 1210 1920 1208,(kp) dot 1887.96 1210.31,(note) box_source: 'dot_heuristic'
55,20150624_SSLC0013_C.jpg,0,1853,1220,1967,1259,1,0,Juv,1,(poly) 1902 1225 1896 1234 1898 1243 1907 1244 1910 1248 1914 1248 1918 1243 1921 1243 1921 1234 1913 1227 1913 1224,(kp) dot 1921.6 1241.55,(note) box_source: 'seal_det'
56,20150624_SSLC0013_C.jpg,0,1775,1202,1844,1282,1,0,Juv,1,(poly) 1801 1234 1802 1249 1817 1250 1818 1245 1816 1233 1808 1232 1806 1234,(kp) dot 1811.06 1235.94,(note) box_source: 'seal_det'
57,20150624_SSLC0013_C.jpg,0,1720,1147,1800,1261,1,0,Juv,1,(poly) 1738 1188 1741 1204 1756 1224 1762 1224 1768 1215 1777 1216 1775 1204 1765 1188 1751 1182 1746 1182,(kp) dot 1767.01 1215.12,(note) box_source: 'cascade'
58,20150624_SSLC0013_C.jpg,0,1609,1182,1687,1228,1,0,Juv,1,(poly) 1639 1201 1639 1208 1640 1209 1651 1210 1652 1209 1658 1209 1661 1206 1661 1204 1653 1197 1645 1197 1642 1200,(kp) dot 1642.05 1204.71,(note) box_source: 'generic_det'
59,20150624_SSLC0013_C.jpg,0,1561,1211,1631,1281,1,0,Juv,1,(poly) 1572 1225 1568 1235 1572 1239 1573 1247 1583 1258 1597 1256 1604 1249 1602 1239 1598 1239 1581 1223,(kp) dot 1606.81 1225.53,(note) box_source: 'cascade'
60,20150624_SSLC0013_C.jpg,0,1560,1198,1637,1280,1,0,Juv,1,(poly) 1588 1228 1590 1231 1590 1235 1588 1237 1588 1244 1590 1247 1606 1247 1606 1236 1608 1232 1606 1230 1590 1230,(kp) dot 1598.8 1252.77,(note) box_source: 'cascade'
61,20150624_SSLC0013_C.jpg,0,1433,1182,1551,1241,1,0,Juv,1,(poly) 1457 1194 1453 1203 1487 1227 1483 1238 1501 1237 1502 1227 1508 1223 1504 1193,(kp) dot 1501.08 1210.31,(note) box_source: 'cascade'
62,20150624_SSLC0013_C.jpg,0,1420,1185,1509,1255,1,0,Juv,1,(poly) 1437 1222 1438 1233 1446 1231 1464 1247 1481 1252 1496 1252 1504 1246 1503 1239 1481 1237 1486 1232 1486 1227 1473 1218 1473 1213 1456 1209 1446 1219,(kp) dot 1471.44 1227.13,(note) box_source: 'cascade'
63,20150624_SSLC0013_C.jpg,0,1406,1223,1471,1296,1,0,Juv,1,(poly) 1433 1244 1428 1251 1427 1259 1435 1274 1435 1281 1438 1284 1443 1284 1446 1282 1446 1277 1451 1272 1453 1263 1449 1252 1442 1245,(kp) dot 1442.6 1269.59,(note) box_source: 'generic_det'
64,20150624_SSLC0013_C.jpg,0,1396,1269,1449,1356,1,0,Juv,1,(poly) 1411 1301 1409 1306 1415 1314 1415 1320 1424 1332 1426 1349 1433 1352 1440 1340 1437 1324 1442 1310 1436 1303 1427 1300,(kp) dot 1433.79 1312.04,(note) box_source: 'generic_det'
65,20150624_SSLC0013_C.jpg,0,1372,1340,1448,1412,1,0,Juv,1,(poly) 1423 1344 1412 1349 1394 1369 1394 1378 1408 1392 1413 1390 1418 1374 1430 1359 1431 1354,(kp) dot 1411.36 1372.92,(note) box_source: 'cascade'
66,20150624_SSLC0013_C.jpg,0,1437,1234,1515,1330,1,0,Juv,1,(poly) 1467 1272 1465 1274 1465 1277 1468 1280 1468 1292 1470 1294 1475 1294 1478 1291 1483 1291 1485 1289 1484 1273,(kp) dot 1503.48 1288.81,(note) box_source: 'cascade'
67,20150624_SSLC0013_C.jpg,0,1555,1242,1640,1293,1,0,Juv,1,(poly) 1560 1266 1560 1274 1570 1284 1587 1289 1615 1289 1620 1287 1627 1290 1637 1289 1631 1281 1625 1278 1626 1276 1615 1262 1600 1262 1594 1258 1587 1264 1563 1262,(kp) dot 1594.79 1282.4,(note) box_source: 'cascade'
68,20150624_SSLC0013_C.jpg,0,1512,1246,1604,1337,1,0,Juv,1,(poly) 1530 1289 1530 1293 1547 1306 1554 1317 1574 1319 1585 1329 1594 1324 1567 1282 1542 1279,(kp) dot 1565.16 1302.43,(note) box_source: 'generic_det'
69,20150624_SSLC0013_C.jpg,0,1632,1283,1715,1347,1,0,Juv,1,(poly) 1665 1304 1662 1307 1662 1312 1665 1315 1665 1321 1672 1329 1675 1329 1686 1317 1681 1314 1681 1308,(kp) dot 1664.48 1315.24,(note) box_source: 'dot_heuristic'
70,20150624_SSLC0013_C.jpg,0,1629,1298,1704,1392,1,0,Juv,1,(poly) 1643 1298 1634 1305 1634 1336 1652 1357 1668 1368 1676 1359 1678 1338 1666 1324 1664 1315,(kp) dot 1657.27 1341.68,(note) box_source: 'cascade'
71,20150624_SSLC0013_C.jpg,0,1717,1311,1775,1389,1,0,Juv,1,(poly) 1731 1347 1730 1354 1761 1382 1771 1380 1767 1356 1760 1345 1752 1340 1743 1340,(kp) dot 1750.19 1349.69,(note) box_source: 'dot_heuristic'
72,20150624_SSLC0013_C.jpg,0,1628,1211,1735,1297,1,0,Juv,1,(poly) 1674 1240 1667 1248 1667 1252 1670 1255 1669 1265 1674 1268 1686 1267 1692 1262 1694 1246,(kp) dot 1700.53 1257.57,(note) box_source: 'cascade'
73,20150624_SSLC0013_C.jpg,0,1749,1278,1801,1352,1,0,Juv,1,(poly) 1752 1290 1756 1309 1783 1334 1798 1330 1798 1310 1790 1293 1777 1295 1763 1287,(kp) dot 1771.01 1304.03,(note) box_source: 'dot_heuristic'
74,20150624_SSLC0013_C.jpg,0,1754,1261,1819,1336,1,0,Juv,1,(poly) 1781 1290 1778 1296 1780 1300 1779 1311 1781 1313 1785 1313 1789 1317 1795 1317 1798 1320 1798 1310 1794 1306 1792 1291 1787 1289,(kp) dot 1799.85 1291.21,(note) box_source: 'seal_det'
75,20150624_SSLC0013_C.jpg,0,1916,1241,1992,1351,1,0,Juv,1,(poly) 1971 1258 1959 1265 1951 1263 1936 1278 1939 1290 1933 1299 1938 1299 1947 1310 1952 1323 1959 1315 1971 1313 1974 1298 1987 1281 1987 1277 1977 1274 1976 1262,(kp) dot 1951.24 1297.62,(note) box_source: 'cascade'
76,20150624_SSLC0013_C.jpg,0,1983,1223,2053,1279,1,0,Juv,1,(poly) 2021 1242 2018 1245 2011 1245 2009 1249 2011 1251 2009 1254 2014 1259 2018 1259 2026 1254 2025 1252 2026 1248,(kp) dot 2027.33 1255.17,(note) box_source: 'dot_heuristic'
77,20150624_SSLC0013_C.jpg,0,2033,1235,2083,1336,1,0,Juv,1,(poly) 2043 1246 2038 1253 2041 1276 2049 1297 2056 1302 2060 1310 2061 1322 2071 1326 2077 1299 2072 1273 2055 1249,(kp) dot 2050.56 1271.19,(note) box_source: 'cascade'
78,20150624_SSLC0013_C.jpg,0,2137,1254,2204,1347,1,0,Juv,1,(poly) 2146 1260 2142 1266 2144 1278 2163 1304 2162 1310 2197 1346 2203 1339 2201 1299 2177 1274 2159 1272,(kp) dot 2176.32 1289.61,(note) box_source: 'cascade'
79,20150624_SSLC0013_C.jpg,0,2069,1313,2131,1377,1,0,Juv,1,(poly) 2118 1314 2108 1315 2082 1341 2081 1372 2094 1374 2108 1363 2119 1361 2117 1350 2119 1341 2127 1333 2127 1321,(kp) dot 2101.83 1336.07,(note) box_source: 'cascade'
80,20150624_SSLC0013_C.jpg,0,2005,1303,2071,1392,1,0,Juv,1,(poly) 2012 1305 2016 1349 2056 1390 2065 1389 2070 1383 2043 1330,(kp) dot 2041.75 1352.09,(note) box_source: 'seal_det'
81,20150624_SSLC0013_C.jpg,0,1955,1315,2058,1398,1,0,Juv,1,(poly) 1978 1348 1976 1364 1999 1380 2023 1384 2041 1393 2052 1388 2016 1348 2002 1347 1991 1340,(kp) dot 1995.29 1364.11,(note) box_source: 'cascade'
82,20150624_SSLC0013_C.jpg,0,1938,1357,2037,1408,1,0,Juv,1,(poly) 1978 1371 1977 1387 1984 1394 1990 1394 1990 1390 1998 1386 1998 1377 1989 1371,(kp) dot 1984.08 1384.93,(note) box_source: 'cascade'
83,20150624_SSLC0013_C.jpg,0,1936,1391,2031,1436,1,0,Juv,1,(poly) 1969 1416 1969 1417 1973 1420 1976 1420 1977 1419 1990 1419 1992 1417 1992 1409 1974 1409,(kp) dot 1975.27 1414.57,(note) box_source: 'seal_det'
84,20150624_SSLC0013_C.jpg,0,1889,1391,1961,1456,1,0,Juv,1,(poly) 1936 1397 1925 1398 1927 1409 1914 1425 1892 1437 1901 1449 1920 1451 1947 1427 1948 1418,(kp) dot 1933.62 1430.59,(note) box_source: 'cascade'
85,20150624_SSLC0013_C.jpg,0,1897,1354,1949,1421,1,0,Juv,1,(poly) 1906 1377 1906 1386 1908 1389 1912 1389 1917 1394 1928 1394 1930 1371 1922 1369 1914 1370,(kp) dot 1938.42 1382.53,(note) box_source: 'generic_det'
86,20150624_SSLC0013_C.jpg,0,1884,1323,1956,1396,1,0,Juv,1,(poly) 1934 1341 1926 1343 1921 1348 1914 1349 1912 1352 1912 1366 1914 1368 1921 1369 1938 1357 1938 1348 1935 1347 1936 1343,(kp) dot 1907.18 1354.49,(note) box_source: 'cascade'
87,20150624_SSLC0013_C.jpg,0,1945,1419,1990,1505,1,0,Juv,1,(poly) 1960 1453 1954 1459 1954 1470 1956 1475 1970 1488 1970 1474 1981 1467 1981 1459 1974 1453,(kp) dot 1968.06 1456.22,(note) box_source: 'cascade'
88,20150624_SSLC0013_C.jpg,0,2030,1423,2093,1469,1,0,Juv,1,(poly) 2068 1442 2059 1440 2055 1441 2055 1444 2051 1447 2038 1448 2036 1450 2036 1456 2055 1455 2060 1452 2066 1451 2068 1449,(kp) dot 2072.99 1435.39,(note) box_source: 'cascade'
89,20150624_SSLC0013_C.jpg,0,2039,1447,2108,1510,1,0,Juv,1,(poly) 2054 1457 2066 1472 2064 1483 2072 1486 2082 1499 2093 1489 2101 1487 2099 1474 2086 1457 2068 1452,(kp) dot 2077.8 1469.04,(note) box_source: 'cascade'
90,20150624_SSLC0013_C.jpg,0,2104,1401,2153,1460,1,0,Juv,1,(poly) 2126 1402 2119 1409 2116 1422 2111 1429 2123 1436 2133 1436 2138 1423 2139 1407 2133 1402,(kp) dot 2117.05 1425.78,(note) box_source: 'cascade'
91,20150624_SSLC0013_C.jpg,0,1771,1344,1878,1400,1,0,Juv,1,(poly) 1876 1354 1871 1348 1862 1348 1854 1356 1810 1357 1810 1370 1813 1377 1820 1382 1851 1386 1869 1372 1871 1360,(kp) dot 1835.89 1370.51,(note) box_source: 'cascade'
92,20150624_SSLC0013_C.jpg,0,1750,1408,1837,1454,1,0,Juv,1,(poly) 1831 1424 1821 1418 1809 1415 1794 1416 1789 1412 1785 1418 1776 1418 1767 1423 1754 1437 1754 1444 1784 1446 1791 1438 1807 1438 1815 1432 1828 1432,(kp) dot 1800.65 1424.98,(note) box_source: 'cascade'
93,20150624_SSLC0013_C.jpg,0,1548,1321,1620,1380,1,0,Juv,1,(poly) 1572 1335 1566 1346 1577 1359 1583 1362 1590 1360 1595 1355 1595 1341 1582 1335,(kp) dot 1596.4 1352.89,(note) box_source: 'cascade'
94,20150624_SSLC0013_C.jpg,0,1507,1363,1574,1426,1,0,Juv,1,(poly) 1523 1386 1524 1404 1533 1414 1542 1418 1566 1416 1553 1405 1551 1390 1537 1376,(kp) dot 1536.32 1392.14,(note) box_source: 'seal_det'
95,20150624_SSLC0013_C.jpg,0,1470,1433,1557,1473,1,0,Juv,1,(poly) 1497 1468 1503 1468 1513 1472 1533 1472 1534 1469 1555 1451 1556 1446 1531 1447 1527 1444 1507 1446 1504 1449 1504 1461,(kp) dot 1509.89 1396.15,(note) box_source: 'generic_det'
96,20150624_SSLC0013_C.jpg,0,1450,1373,1503,1416,1,0,Juv,1,(poly) 1468 1375 1467 1386 1464 1389 1465 1399 1467 1401 1479 1401 1490 1408 1489 1399 1492 1397 1492 1387 1484 1379,(kp) dot 1473.84 1388.94,(note) box_source: 'cascade'
97,20150624_SSLC0013_C.jpg,0,1411,1410,1496,1453,1,0,Juv,1,(poly) 1445 1427 1445 1435 1461 1435 1461 1427,(kp) dot 1464.23 1428.19,(note) box_source: 'dot_heuristic'
98,20150624_SSLC0013_C.jpg,0,1421,1439,1503,1472,1,0,Juv,1,(poly) 1452 1453 1453 1458 1466 1458 1469 1459 1471 1453 1471 1448 1469 1446 1460 1444 1459 1449,(kp) dot 1452.22 1461.03,(note) box_source: 'dot_heuristic'
99,20150624_SSLC0013_C.jpg,0,1472,1358,1525,1420,1,0,Juv,1,(poly) 1503 1380 1499 1382 1493 1382 1491 1384 1493 1387 1493 1395 1503 1395 1503 1392 1505 1390 1504 1387 1505 1382,(kp) dot 1512.29 1460.23,(note) box_source: 'cascade'
100,20150624_SSLC0013_C.jpg,0,1510,1420,1599,1451,1,0,Juv,1,(poly) 1544 1433 1544 1437 1550 1443 1550 1444 1567 1444 1567 1439 1563 1435 1563 1432 1545 1432,(kp) dot 1560.35 1428.99,(note) box_source: 'seal_det'
101,20150624_SSLC0013_C.jpg,0,1574,1376,1664,1437,1,0,Juv,1,(poly) 1588 1403 1592 1413 1606 1421 1608 1428 1619 1433 1631 1433 1647 1424 1647 1418 1630 1401 1620 1400 1609 1390 1600 1390,(kp) dot 1605.21 1416.17,(note) box_source: 'generic_det'
102,20150624_SSLC0013_C.jpg,0,1650,1419,1739,1465,1,0,Juv,1,(poly) 1712 1437 1699 1433 1681 1434 1676 1437 1671 1447 1660 1449 1664 1449 1672 1456 1679 1456 1686 1461 1695 1461 1713 1455 1713 1447 1710 1443,(hole) 1690 1455 1691 1454 1692 1454 1693 1455 1693 1457 1692 1458 1691 1458 1690 1457,(kp) dot 1696.52 1436.2,(note) box_source: 'cascade'
103,20150624_SSLC0013_C.jpg,0,1623,1441,1706,1492,1,0,Juv,1,(poly) 1636 1449 1636 1456 1643 1465 1647 1465 1652 1470 1662 1474 1667 1474 1672 1471 1672 1457 1666 1451 1656 1447 1638 1447,(kp) dot 1676.5 1467.43,(note) box_source: 'generic_det'
104,20150624_SSLC0013_C.jpg,0,1587,1478,1715,1509,1,0,Juv,1,(poly) 1660 1481 1644 1480 1628 1485 1632 1491 1632 1495 1636 1499 1635 1501 1640 1507 1650 1499 1658 1500 1666 1494 1666 1489,(kp) dot 1665.28 1491.46,(note) box_source: 'cascade'
105,20150624_SSLC0013_C.jpg,0,1625,1500,1719,1533,1,0,Juv,1,(poly) 1634 1511 1634 1515 1640 1521 1651 1525 1660 1525 1673 1528 1686 1528 1688 1525 1688 1522 1685 1519 1685 1514 1679 1506 1648 1506 1636 1509,(kp) dot 1666.08 1525.91,(note) box_source: 'dot_heuristic'
106,20150624_SSLC0013_C.jpg,0,1625,1517,1713,1567,1,0,Juv,1,(poly) 1660 1537 1660 1546 1666 1546 1667 1547 1676 1547 1677 1546 1677 1537 1671 1537 1669 1535 1662 1535,(kp) dot 1666.08 1545.93,(note) box_source: 'dot_heuristic'
107,20150624_SSLC0013_C.jpg,0,1562,1454,1618,1530,1,0,Juv,1,(poly) 1584 1484 1584 1499 1596 1500 1598 1498 1603 1498 1605 1496 1608 1496 1608 1490 1596 1490 1595 1484,(kp) dot 1593.99 1498.67,(note) box_source: 'dot_heuristic'
108,20150624_SSLC0013_C.jpg,0,1527,1488,1601,1527,1,0,Juv,1,(poly) 1556 1503 1556 1512 1571 1511 1571 1503,(kp) dot 1559.55 1509.89,(note) box_source: 'dot_heuristic'
109,20150624_SSLC0013_C.jpg,0,1474,1468,1573,1503,1,0,Juv,1,(poly) 1489 1472 1489 1490 1496 1493 1533 1498 1541 1495 1546 1490 1552 1490 1550 1478 1546 1478 1543 1475 1535 1473 1513 1473 1503 1470 1491 1470,(kp) dot 1529.11 1486.66,(note) box_source: 'generic_det'
110,20150624_SSLC0013_C.jpg,0,1444,1487,1537,1526,1,0,Juv,1,(poly) 1480 1498 1480 1510 1482 1513 1499 1514 1514 1520 1523 1520 1533 1514 1532 1509 1518 1507 1505 1495 1485 1493,(kp) dot 1487.46 1502.68,(note) box_source: 'seal_det'
111,20150624_SSLC0013_C.jpg,0,1423,1451,1491,1500,1,0,Juv,1,(poly) 1450 1469 1450 1480 1454 1480 1456 1482 1459 1482 1460 1481 1463 1481 1465 1479 1465 1475 1467 1473 1466 1470 1454 1470 1453 1469,(kp) dot 1459.42 1478.65,(note) box_source: 'dot_heuristic'
112,20150624_SSLC0013_C.jpg,0,1449,1511,1535,1573,1,0,Juv,1,(poly) 1451 1537 1469 1545 1475 1534 1483 1548 1483 1558 1477 1564 1492 1564 1493 1557 1501 1548 1521 1545 1524 1521 1495 1519 1492 1514 1460 1516 1456 1534,(kp) dot 1490.66 1531.51,(note) box_source: 'dot_heuristic'
113,20150624_SSLC0013_C.jpg,0,1425,1523,1488,1568,1,0,Juv,1,(poly) 1427 1542 1429 1551 1439 1560 1453 1563 1477 1563 1482 1558 1481 1544 1475 1535 1471 1538 1468 1547 1461 1540 1446 1539 1442 1532 1439 1533 1436 1530 1434 1537,(kp) dot 1457.02 1547.53,(note) box_source: 'dot_heuristic'
114,20150624_SSLC0013_C.jpg,0,1429,1554,1511,1603,1,0,Juv,1,(poly) 1458 1565 1461 1570 1459 1574 1461 1589 1478 1591 1491 1598 1498 1598 1509 1589 1509 1576 1506 1572 1499 1573 1497 1568 1493 1569 1488 1564,(kp) dot 1478.65 1578.77,(note) box_source: 'cascade'
115,20150624_SSLC0013_C.jpg,0,1489,1550,1544,1601,1,0,Juv,1,(poly) 1514 1564 1510 1568 1510 1586 1512 1583 1521 1591 1527 1591 1532 1595 1539 1596 1540 1586 1534 1579 1535 1576 1531 1570 1528 1571,(kp) dot 1525.11 1582.78,(note) box_source: 'dot_heuristic'
116,20150624_SSLC0013_C.jpg,0,1517,1511,1569,1603,1,0,Juv,1,(poly) 1546 1545 1537 1547 1534 1550 1534 1556 1531 1558 1531 1569 1537 1578 1547 1570 1549 1564 1555 1558 1555 1553,(kp) dot 1537.12 1544.33,(note) box_source: 'dot_heuristic'
117,20150624_SSLC0013_C.jpg,0,1546,1560,1611,1598,1,0,Juv,1,(poly) 1565 1573 1566 1577 1569 1578 1572 1582 1584 1582 1584 1575 1582 1575 1577 1569 1574 1571 1567 1571,(kp) dot 1573.17 1581.18,(note) box_source: 'cascade'
118,20150624_SSLC0013_C.jpg,0,1572,1523,1627,1569,1,0,Juv,1,(poly) 1625 1545 1618 1539 1618 1536 1613 1535 1606 1540 1577 1544 1575 1546 1575 1555 1587 1566 1600 1565 1616 1559 1625 1548,(kp) dot 1599.6 1555.54,(note) box_source: 'dot_heuristic'
119,20150624_SSLC0013_C.jpg,0,1517,1589,1569,1643,1,0,Juv,1,(poly) 1538 1609 1536 1611 1536 1620 1540 1623 1542 1623 1544 1621 1548 1621 1548 1610,(kp) dot 1549.94 1621.23,(note) box_source: 'dot_heuristic'
120,20150624_SSLC0013_C.jpg,0,1529,1628,1612,1666,1,0,Juv,1,(poly) 1533 1641 1533 1648 1537 1648 1546 1654 1556 1655 1564 1660 1590 1659 1607 1650 1607 1648 1600 1643 1586 1643 1573 1635 1555 1634 1552 1637 1544 1637 1541 1633,(kp) dot 1568.36 1646.86,(note) box_source: 'cascade'
121,20150624_SSLC0013_C.jpg,0,1436,1604,1514,1680,1,0,Juv,1,(poly) 1451 1614 1452 1627 1467 1649 1476 1649 1483 1656 1496 1660 1502 1656 1503 1635 1498 1630 1468 1621 1458 1612,(kp) dot 1475.44 1634.84,(note) box_source: 'cascade'
122,20150624_SSLC0013_C.jpg,0,1494,1655,1596,1722,1,0,Juv,1,(poly) 1582 1665 1549 1662 1535 1673 1503 1682 1501 1691 1519 1701 1537 1697 1546 1702 1550 1700 1556 1717 1561 1711 1561 1690 1571 1677 1581 1673,(kp) dot 1545.93 1681.3,(note) box_source: 'cascade'
123,20150624_SSLC0013_C.jpg,0,1503,1710,1577,1751,1,0,Juv,1,(poly) 1524 1732 1526 1734 1535 1734 1536 1735 1539 1735 1541 1737 1545 1737 1549 1735 1549 1729 1547 1726 1531 1724 1530 1727 1527 1727 1525 1728,(kp) dot 1539.52 1718.95,(note) box_source: 'dot_heuristic'
124,20150624_SSLC0013_C.jpg,0,1700,1698,1784,1749,1,0,Juv,1,(poly) 1763 1730 1753 1718 1739 1718 1737 1716 1719 1718 1703 1741 1703 1746 1705 1748 1717 1745 1723 1746 1727 1741 1735 1744 1758 1742 1763 1738,(kp) dot 1750.99 1725.36,(note) box_source: 'cascade'
125,20150624_SSLC0013_C.jpg,0,1838,1536,1903,1601,1,0,Juv,1,(poly) 1899 1544 1888 1540 1855 1558 1844 1571 1841 1590 1849 1596 1857 1594 1861 1587 1880 1584 1897 1562,(kp) dot 1875.94 1569.96,(note) box_source: 'cascade'
126,20150624_SSLC0013_C.jpg,0,1991,1606,2064,1668,1,0,Juv,1,(poly) 1995 1622 1998 1638 2005 1645 2017 1649 2030 1659 2056 1663 2056 1654 2043 1633 2031 1629 2020 1630 2003 1618,(kp) dot 2026.53 1649.26,(note) box_source: 'cascade'
127,20150624_SSLC0013_C.jpg,0,2014,1575,2099,1634,1,0,Juv,1,(poly) 2017 1611 2024 1610 2036 1614 2037 1624 2059 1623 2073 1615 2079 1615 2083 1607 2089 1603 2091 1588 2085 1586 2069 1589 2028 1585 2019 1595,(kp) dot 2064.98 1601.2,(note) box_source: 'cascade'
128,20150624_SSLC0013_C.jpg,0,2010,1660,2078,1731,1,0,Juv,1,(poly) 2072 1676 2063 1678 2049 1674 2034 1683 2020 1698 2014 1724 2020 1726 2032 1715 2049 1709,(kp) dot 2034.54 1698.12,(note) box_source: 'cascade'
129,20150624_SSLC0013_C.jpg,0,2069,1701,2178,1764,1,0,Juv,1,(poly) 2078 1755 2085 1760 2085 1745 2090 1741 2128 1746 2154 1721 2176 1715 2176 1711 2163 1706 2136 1714 2114 1714 2102 1705 2086 1708 2076 1718,(kp) dot 2093.82 1726.16,(note) box_source: 'cascade'
130,20150624_SSLC0013_C.jpg,0,2153,1094,2250,1168,1,0,Juv,1,(poly) 2244 1110 2231 1103 2212 1104 2200 1110 2191 1104 2188 1107 2190 1114 2175 1123 2169 1123 2156 1140 2159 1144 2176 1141 2189 1146 2200 1139 2213 1138 2224 1134 2236 1122 2241 1122,(kp) dot 2220.38 1114.99,(note) box_source: 'seal_det'
131,20150624_SSLC0013_C.jpg,0,2216,1116,2304,1170,1,0,Juv,1,(poly) 2218 1164 2231 1169 2256 1169 2259 1165 2279 1168 2292 1159 2302 1136 2290 1137 2289 1140 2278 1136 2263 1120 2244 1120 2233 1125 2224 1135 2227 1155 2220 1158,(kp) dot 2257.22 1141.43,(note) box_source: 'generic_det'
132,20150624_SSLC0013_C.jpg,0,2237,1010,2353,1099,1,0,Juv,1,(poly) 2346 1034 2339 1032 2326 1039 2298 1037 2289 1042 2246 1044 2243 1052 2259 1071 2269 1075 2297 1073 2306 1082 2316 1071 2332 1072 2331 1064 2342 1056,(kp) dot 2300.48 1062.13,(note) box_source: 'seal_det'
133,20150624_SSLC0013_C.jpg,0,2340,1075,2408,1138,1,0,Juv,1,(poly) 2398 1087 2374 1077 2357 1078 2355 1082 2361 1086 2343 1114 2346 1127 2341 1134 2362 1137 2399 1112,(kp) dot 2377.37 1104.58,(note) box_source: 'cascade'
134,20150624_SSLC0013_C.jpg,0,2392,1162,2447,1249,1,0,Juv,1,(poly) 2426 1165 2415 1170 2400 1193 2396 1192 2396 1217 2407 1229 2408 1240 2414 1245 2428 1244 2436 1236 2441 1238 2444 1234 2438 1227 2438 1215 2442 1209 2440 1185,(kp) dot 2421.43 1205.51,(note) box_source: 'generic_det'
135,20150624_SSLC0013_C.jpg,0,2456,1102,2539,1162,1,0,Juv,1,(poly) 2531 1123 2518 1112 2512 1112 2499 1123 2474 1132 2456 1144 2467 1144 2476 1154 2495 1160 2509 1155 2527 1135,(kp) dot 2509.54 1138.22,(note) box_source: 'cascade'
136,20150624_SSLC0013_C.jpg,0,2471,1015,2528,1057,1,0,Juv,1,(poly) 2522 1031 2508 1020 2499 1020 2493 1025 2485 1026 2482 1030 2479 1029 2480 1035 2474 1046 2476 1044 2480 1046 2482 1055 2496 1046 2518 1047,(kp) dot 2516.75 1031.69,(note) box_source: 'generic_det'
137,20150624_SSLC0013_C.jpg,0,2508,948,2584,1023,1,0,Juv,1,(poly) 2579 959 2566 956 2562 969 2538 978 2523 991 2524 1002 2538 1006 2543 1014 2565 1010 2579 982,(kp) dot 2555.99 987.63,(note) box_source: 'cascade'
138,20150624_SSLC0013_C.jpg,0,2517,1008,2574,1076,1,0,Juv,1,(poly) 2560 1012 2548 1013 2520 1039 2526 1055 2533 1063 2533 1071 2538 1074 2549 1074 2559 1062 2557 1025 2560 1022,(kp) dot 2551.19 1034.09,(note) box_source: 'generic_det'
139,20150624_SSLC0013_C.jpg,0,2480,1156,2566,1256,1,0,Juv,1,(poly) 2547 1182 2539 1176 2508 1201 2502 1197 2491 1211 2484 1249 2511 1249 2534 1230 2541 1219,(kp) dot 2523.95 1223.13,(note) box_source: 'cascade'
140,20150624_SSLC0013_C.jpg,0,2301,1737,2380,1826,1,0,Juv,1,(poly) 2371 1743 2351 1752 2324 1755 2311 1768 2314 1775 2307 1784 2313 1818 2323 1819 2335 1811 2357 1785 2373 1754,(kp) dot 2344.53 1770.21,(note) box_source: 'cascade'
141,20150624_SSLC0013_C.jpg,0,2189,1828,2273,1901,1,0,Juv,1,(poly) 2200 1863 2200 1868 2207 1874 2216 1876 2221 1889 2230 1892 2253 1890 2262 1883 2262 1849 2258 1842 2249 1846 2217 1842 2214 1846 2223 1853 2207 1857,(kp) dot 2227.58 1863.93,(note) box_source: 'cascade'
142,20150624_SSLC0013_C.jpg,0,2159,1869,2264,1915,1,0,Juv,1,(poly) 2230 1895 2223 1886 2220 1876 2207 1875 2203 1871 2195 1881 2170 1881 2164 1888 2164 1894 2171 1902 2187 1910 2218 1908,(kp) dot 2213.97 1896.77,(note) box_source: 'seal_det'
143,20150624_SSLC0013_C.jpg,0,2156,1906,2256,1962,1,0,Juv,1,(poly) 2164 1917 2164 1930 2175 1935 2184 1946 2204 1952 2234 1947 2226 1930 2217 1922 2221 1907 2192 1912 2172 1906,(kp) dot 2206.76 1930.41,(note) box_source: 'seal_det'
144,20150624_SSLC0013_C.jpg,0,2157,1956,2211,2001,1,0,Juv,1,(poly) 2176 1976 2177 1981 2181 1984 2189 1984 2189 1977 2190 1976 2189 1974 2185 1974 2183 1973 2182 1974 2178 1974,(kp) dot 2188.34 1972.07,(note) box_source: 'cascade'
145,20150624_SSLC0013_C.jpg,0,2093,2011,2163,2090,1,0,Juv,1,(poly) 2148 2045 2141 2035 2129 2036 2120 2044 2116 2040 2093 2059 2109 2075 2119 2077 2142 2065 2149 2052,(kp) dot 2125.86 2066.58,(note) box_source: 'dot_heuristic'
146,20150624_SSLC0013_C.jpg,0,2065,2060,2119,2159,1,0,Juv,1,(poly) 2086 2099 2086 2121 2089 2122 2094 2121 2096 2124 2100 2119 2102 2114 2102 2104 2097 2099 2094 2098,(kp) dot 2094.62 2099.42,(note) box_source: 'cascade'
147,20150624_SSLC0013_C.jpg,0,2105,2168,2147,2239,1,0,Juv,1,(poly) 2140 2195 2131 2191 2128 2194 2115 2196 2108 2208 2105 2231 2111 2234 2123 2234 2130 2231 2131 2226 2140 2219 2138 2218,(kp) dot 2121.05 2207.56,(note) box_source: 'dot_heuristic'
148,20150624_SSLC0013_C.jpg,0,2002,2239,2102,2289,1,0,Juv,1,(poly) 2098 2256 2067 2239 2061 2239 2023 2268 2018 2282 2028 2288 2041 2286 2060 2272 2081 2261 2094 2262,(kp) dot 2033.74 2254.02,(note) box_source: 'seal_det'
149,20150624_SSLC0013_C.jpg,0,1991,2204,2083,2283,1,0,Juv,1,(poly) 2078 2220 2063 2209 2048 2208 2016 2234 2000 2269 2016 2276 2066 2271 2078 2257 2079 2247 2061 2234,(kp) dot 2068.19 2274.84,(note) box_source: 'cascade'
150,20150624_SSLC0013_C.jpg,0,1711,2124,1780,2186,1,0,Juv,1,(poly) 1778 2131 1775 2128 1756 2129 1745 2135 1731 2136 1713 2156 1712 2164 1718 2176 1733 2179 1741 2174 1751 2175 1773 2155,(kp) dot 1749.39 2157.9,(note) box_source: 'seal_det'
151,20150624_SSLC0013_C.jpg,0,1423,2424,1475,2512,1,0,Juv,1,(poly) 1439 2427 1440 2442 1433 2462 1430 2490 1447 2506 1457 2508 1466 2498 1472 2478 1470 2444 1450 2428,(kp) dot 1447.41 2462.28,(note) box_source: 'cascade'
152,20150624_SSLC0013_C.jpg,0,1428,2359,1501,2435,1,0,Juv,1,(poly) 1457 2389 1457 2404 1470 2405 1471 2404 1471 2389,(kp) dot 1457.02 2394.19,(note) box_source: 'cascade'
153,20150624_SSLC0013_C.jpg,0,1347,2160,1398,2213,1,0,Juv,1,(poly) 1373 2163 1370 2163 1369 2170 1354 2183 1352 2188 1352 2195 1354 2197 1364 2196 1378 2190 1377 2182 1381 2174 1374 2167,(kp) dot 1372.92 2180.33,(note) box_source: 'cascade'
154,20150624_SSLC0013_C.jpg,0,1373,2079,1432,2135,1,0,Juv,1,(poly) 1381 2088 1383 2098 1391 2104 1395 2112 1403 2114 1411 2109 1406 2098 1394 2087 1383 2086,(kp) dot 1402.55 2097.02,(note) box_source: 'cascade'
155,20150624_SSLC0013_C.jpg,0,1578,2288,1643,2337,1,0,Juv,1,(poly) 1583 2311 1582 2318 1597 2330 1607 2330 1608 2324 1617 2324 1620 2329 1630 2329 1636 2317 1636 2310 1620 2302 1618 2299 1622 2293 1615 2290 1607 2291 1593 2300,(kp) dot 1606.81 2315.69,(note) box_source: 'cascade'
156,20150624_SSLC0013_C.jpg,0,1495,2275,1565,2354,1,0,Juv,1,(poly) 1556 2287 1540 2292 1532 2305 1523 2306 1518 2342 1549 2342 1555 2330 1561 2327 1564 2319 1561 2318 1560 2291,(kp) dot 1540.33 2315.69,(note) box_source: 'generic_det'
157,20150624_SSLC0013_C.jpg,0,1715,1856,1807,1946,1,0,Juv,1,(poly) 1795 1877 1777 1874 1755 1892 1730 1895 1729 1886 1724 1886 1715 1907 1717 1925 1723 1931 1749 1933 1747 1945 1756 1938 1765 1940 1780 1922 1789 1923,(kp) dot 1772.62 1899.17,(note) box_source: 'cascade'
158,20150624_SSLC0013_C.jpg,0,1790,1863,1878,1965,1,0,Juv,1,(poly) 1848 1903 1846 1905 1841 1902 1825 1903 1822 1907 1822 1921 1825 1924 1842 1924 1843 1911 1848 1906,(kp) dot 1812.67 1904.78,(note) box_source: 'cascade'
159,20150624_SSLC0013_C.jpg,0,1852,1791,1930,1880,1,0,Juv,1,(poly) 1910 1799 1904 1799 1893 1813 1879 1809 1872 1812 1866 1860 1858 1872 1875 1871 1899 1855 1915 1822 1914 1803,(kp) dot 1903.98 1835.09,(note) box_source: 'cascade'
160,20150624_SSLC0013_C.jpg,0,1870,1950,1934,2016,1,0,Juv,1,(poly) 1915 1952 1904 1953 1894 1961 1888 1976 1890 1981 1879 1995 1881 2009 1903 2004 1919 1991 1923 1969 1921 1958,(kp) dot 1911.99 1970.46,(note) box_source: 'cascade'
161,20150624_SSLC0013_C.jpg,0,1034,1156,1094,1216,1,0,Juv,1,(poly) 1068 1179 1058 1180 1057 1182 1057 1194 1059 1197 1069 1197 1071 1196 1071 1183,(kp) dot 1059.77 1189.82,(note) box_source: 'cascade'
162,20150624_SSLC0041_C.jpg,1,5289,3113,5394,3213,1,0,Fem,1,(poly) 5316 3159 5309 3184 5332 3207 5379 3209 5392 3204 5390 3198 5364 3186 5355 3171 5356 3145 5342 3142 5338 3153,(kp) dot 5339.12 3177.83,(note) box_source: 'generic_det'
163,20150624_SSLC0041_C.jpg,1,5524,2741,5632,2810,1,0,Fem,1,(poly) 5525 2745 5594 2807 5615 2806 5626 2799 5628 2778 5613 2761 5569 2746,(kp) dot 5584.82 2774.42,(note) box_source: 'seal_det'
164,20150624_SSLC0041_C.jpg,1,5374,2711,5447,2855,1,0,Fem,1,(poly) 5386 2711 5386 2719 5375 2720 5381 2743 5392 2749 5393 2770 5380 2762 5381 2782 5403 2813 5436 2809 5442 2803 5437 2792 5436 2747 5431 2740 5423 2740 5419 2730 5411 2730 5397 2712,(kp) dot 5409.63 2792.6,(note) box_source: 'cascade'
165,20150624_SSLC0041_C.jpg,1,5375,3283,5484,3358,1,0,Fem,1,(poly) 5384 3294 5389 3302 5407 3304 5418 3327 5441 3327 5466 3352 5477 3352 5481 3340 5478 3320 5455 3299 5453 3290 5425 3285 5390 3289,(kp) dot 5445.25 3313.75,(note) box_source: 'cascade'
166,20150624_SSLC0041_C.jpg,1,5507,3302,5568,3415,1,0,Fem,1,(poly) 5532 3342 5525 3349 5524 3360 5530 3369 5534 3371 5541 3370 5544 3367 5543 3346 5539 3342,(kp) dot 5534.66 3353.73,(note) box_source: 'cascade'
167,20150624_SSLC0041_C.jpg,1,4874,1898,4947,1991,1,0,Fem,1,(poly) 4915 1918 4894 1933 4883 1936 4888 1943 4884 1968 4887 1983 4893 1984 4911 1974 4926 1958 4931 1947,(kp) dot 4902.98 1948.71,(note) box_source: 'cascade'
168,20150624_SSLC0041_C.jpg,1,4958,2099,5024,2236,1,0,Fem,1,(poly) 5004 2110 4995 2111 4989 2120 4987 2151 4984 2153 4984 2167 4980 2171 4983 2177 4982 2191 4990 2210 4991 2234 4995 2234 5002 2225 5007 2207 5018 2186 5015 2176 5019 2170 5020 2136,(kp) dot 5001.11 2146.42,(note) box_source: 'generic_det'
169,20150624_SSLC0041_C.jpg,1,4974,2032,5055,2141,1,0,Juv,1,(poly) 5045 2039 5032 2040 5013 2056 5000 2095 5002 2106 5025 2136 5028 2135 5027 2110 5034 2097 5034 2078 5040 2062 5053 2051 5051 2042,(kp) dot 5023.64 2084.63,(note) box_source: 'generic_det'
170,20150624_SSLC0041_C.jpg,1,5085,2096,5117,2172,1,0,Juv,1,(poly) 5098 2125 5093 2129 5094 2138 5092 2140 5092 2143 5094 2145 5094 2152 5098 2157 5106 2157 5107 2156 5107 2134 5110 2133 5108 2133 5107 2130 5104 2129 5104 2126,(kp) dot 5142.86 2203.11,(note) box_source: 'generic_det'
171,20150624_SSLC0041_C.jpg,1,4829,1935,4888,2039,1,0,Fem,1,(poly) 4882 1936 4845 1938 4838 1947 4838 1975 4833 1982 4833 1993 4843 2020 4865 2002 4873 1984 4885 1978 4887 1943,(kp) dot 4857.91 1977.79,(note) box_source: 'cascade'
172,20150624_SSLC0041_C.jpg,1,4791,2040,4879,2140,1,0,Fem,1,(poly) 4826 2063 4824 2088 4819 2092 4822 2103 4842 2133 4863 2135 4873 2126 4873 2110 4878 2100 4849 2057 4833 2065,(kp) dot 4845.55 2091.9,(note) box_source: 'generic_det'
173,20150624_SSLC0041_C.jpg,1,5055,1141,5199,1197,1,0,Fem,1,(poly) 5062 1154 5064 1171 5076 1182 5109 1181 5114 1194 5128 1186 5144 1190 5155 1187 5164 1195 5181 1192 5192 1184 5198 1170 5179 1150 5160 1144 5070 1147,(kp) dot 5129.77 1149.17,(note) box_source: 'seal_det'
174,20150624_SSLC0041_C.jpg,1,5279,1219,5349,1305,1,0,Fem,1,(poly) 5307 1253 5304 1270 5313 1274 5315 1280 5321 1272 5321 1268 5323 1266 5322 1255 5320 1253,(kp) dot 5301.32 1258.19,(note) box_source: 'generic_det'
175,20150624_SSLC0041_C.jpg,1,4767,1208,4892,1297,1,0,Fem,1,(poly) 4888 1220 4876 1208 4842 1235 4817 1243 4809 1258 4813 1263 4798 1274 4798 1283 4845 1294 4875 1277 4891 1248,(kp) dot 4844.1 1269.82,(note) box_source: 'cascade'
176,20150624_SSLC0041_C.jpg,1,4660,1289,4751,1378,1,0,Fem,1,(poly) 4739 1292 4727 1310 4720 1305 4680 1310 4672 1304 4683 1320 4672 1332 4677 1347 4661 1365 4669 1377 4707 1371 4728 1357 4748 1307,(kp) dot 4711.08 1350.51,(note) box_source: 'cascade'
177,20150624_SSLC0041_C.jpg,1,5672,428,5753,491,1,0,Fem,1,(poly) 5747 445 5732 430 5709 431 5692 443 5697 445 5696 455 5676 469 5676 474 5685 480 5681 487 5715 488 5737 482 5750 466,(kp) dot 5706.21 473.19,(note) box_source: 'dot_heuristic'
178,20150624_SSLC0041_C.jpg,1,5613,504,5672,586,1,0,Fem,1,(poly) 5636 508 5632 519 5620 531 5617 539 5627 560 5641 559 5648 562 5651 550 5650 535 5644 524 5643 513,(kp) dot 5629.16 550.23,(note) box_source: 'dot_heuristic'
179,20150624_SSLC0041_C.jpg,1,708,1856,759,1913,1,0,Juv,1,(poly) 713 1860 711 1873 723 1885 728 1886 728 1900 734 1906 739 1903 744 1909 748 1903 749 1891 754 1887 752 1874 743 1867 746 1864 740 1858 724 1863,(kp) dot 726.91 1876.02,(note) box_source: 'cascade'
180,20150624_SSLC0041_C.jpg,1,564,1824,633,1895,1,0,Juv,1,(poly) 597 1828 597 1838 574 1849 571 1858 571 1873 587 1894 598 1893 620 1876 614 1862 603 1851,(kp) dot 590.25 1872.39,(note) box_source: 'cascade'
181,20150624_SSLC0041_C.jpg,1,729,1860,800,1933,1,0,Juv,1,(poly) 788 1873 776 1868 765 1869 753 1890 741 1895 740 1907 748 1910 749 1920 756 1921 773 1903 781 1900 789 1887,(kp) dot 765.43 1894.2,(note) box_source: 'cascade'
182,20150624_SSLC0041_C.jpg,1,938,1863,1000,1965,1,0,Juv,1,(poly) 976 1868 959 1894 957 1915 960 1934 966 1947 973 1954 984 1954 992 1950 992 1937 986 1932 986 1921 991 1911 984 1904 986 1868 984 1870,(kp) dot 971.87 1909.46,(note) box_source: 'generic_det'
183,20150624_SSLC0041_C.jpg,1,981,1829,1029,1913,1,0,Juv,1,(poly) 1008 1861 1000 1862 995 1860 987 1867 984 1890 985 1904 991 1910 995 1910 1001 1905 1015 1878 1012 1864,(kp) dot 1003.13 1873.12,(note) box_source: 'cascade'
184,20150624_SSLC0041_C.jpg,1,1036,1942,1107,1981,1,0,Juv,1,(poly) 1063 1965 1070 1969 1078 1968 1087 1963 1094 1954 1089 1949 1081 1949 1077 1947 1064 1949 1062 1951,(kp) dot 1072.19 1961.07,(note) box_source: 'cascade'
185,20150624_SSLC0041_C.jpg,1,1011,2034,1063,2089,1,0,Juv,1,(poly) 1027 2055 1026 2056 1026 2076 1034 2084 1041 2084 1044 2074 1043 2063 1044 2058 1043 2056 1039 2055 1033 2056,(kp) dot 1035.84 2066.46,(note) box_source: 'generic_det'
186,20150624_SSLC0041_C.jpg,1,1081,1874,1181,1940,1,0,Juv,1,(poly) 1175 1906 1154 1903 1147 1896 1132 1892 1109 1893 1099 1898 1085 1916 1084 1925 1095 1929 1108 1919 1121 1919 1128 1925 1143 1925 1155 1918 1167 1916 1175 1910,(kp) dot 1128.16 1909.46,(note) box_source: 'cascade'
187,20150624_SSLC0041_C.jpg,1,996,1956,1055,2038,1,0,Juv,1,(poly) 1000 1962 1001 1971 1017 1990 1014 2008 1019 2014 1019 2025 1023 2026 1024 2032 1044 2030 1052 2020 1040 1973 1019 1961,(kp) dot 1034.39 1985.05,(note) box_source: 'cascade'
188,20150624_SSLC0041_C.jpg,1,1153,2007,1207,2062,1,0,Juv,1,(poly) 1194 2016 1177 2022 1156 2043 1156 2053 1159 2056 1176 2053 1195 2037 1199 2030 1192 2025,(kp) dot 1186.31 2031.57,(note) box_source: 'seal_det'
189,20150624_SSLC0041_C.jpg,1,1114,2051,1222,2097,1,0,Juv,1,(poly) 1200 2067 1196 2062 1181 2058 1180 2054 1156 2056 1131 2074 1119 2090 1121 2092 1138 2089 1157 2090 1166 2082 1188 2079 1195 2075,(kp) dot 1159.41 2078.82,(note) box_source: 'cascade'
190,20150624_SSLC0041_C.jpg,1,1327,1990,1418,2037,1,0,Juv,1,(poly) 1363 2018 1366 2018 1367 2019 1370 2019 1371 2018 1381 2018 1381 2012 1382 2011 1386 2011 1383 2011 1380 2007 1363 2008,(kp) dot 1352.04 2003.95,(note) box_source: 'cascade'
191,20150624_SSLC0041_C.jpg,1,1339,1968,1405,2015,1,0,Juv,1,(poly) 1383 1986 1380 1984 1375 1986 1365 1986 1364 1987 1365 1996 1377 1997 1383 1991,(kp) dot 1380.39 1990.14,(note) box_source: 'cascade'
192,20150624_SSLC0041_C.jpg,1,1402,1950,1449,2016,1,0,Juv,1,(poly) 1419 1971 1405 1976 1405 1981 1410 1992 1410 2007 1415 2012 1424 2012 1432 2003 1430 1974,(kp) dot 1424.73 1985.78,(note) box_source: 'generic_det'
193,20150624_SSLC0041_C.jpg,1,1562,1977,1605,2028,1,0,Juv,1,(poly) 1578 1996 1579 2007 1585 2007 1587 2008 1587 2005 1589 2003 1592 2003 1591 2002 1592 2001 1591 1999 1588 1999 1587 1997,(kp) dot 1583.2 2001.04,(note) box_source: 'cascade'
194,20150624_SSLC0041_C.jpg,1,1580,1968,1657,2052,1,0,Fem,1,(poly) 1640 1972 1627 1968 1599 1997 1600 2010 1591 2023 1588 2050 1623 2036 1650 2004 1651 1986 1644 1983,(kp) dot 1634.08 2019.22,(note) box_source: 'cascade'
195,20150624_SSLC0041_C.jpg,1,1457,1825,1535,1879,1,0,Juv,1,(poly) 1519 1825 1515 1829 1496 1828 1487 1837 1484 1856 1480 1859 1486 1870 1517 1873 1526 1868 1524 1861 1532 1842,(kp) dot 1491.61 1854.22,(note) box_source: 'generic_det'
196,20150624_SSLC0041_C.jpg,1,1373,1849,1439,1881,1,0,Juv,1,(poly) 1374 1865 1376 1872 1390 1873 1393 1876 1406 1880 1418 1880 1420 1878 1414 1878 1414 1876 1431 1876 1434 1871 1431 1867 1418 1865 1396 1851 1380 1852 1380 1856,(kp) dot 1410.92 1866.58,(note) box_source: 'cascade'
197,20150624_SSLC0041_C.jpg,1,1353,1842,1446,1905,1,0,Juv,1,(poly) 1353 1888 1374 1893 1382 1890 1395 1903 1400 1897 1413 1895 1433 1884 1434 1870 1397 1851 1382 1851 1374 1865 1375 1871 1357 1876 1359 1883,(kp) dot 1397.11 1885.47,(note) box_source: 'generic_det'
198,20150624_SSLC0041_C.jpg,1,1293,1873,1397,1923,1,0,Juv,1,(poly) 1358 1892 1334 1893 1334 1903 1349 1903 1350 1902 1355 1902 1356 1901 1356 1898 1358 1895,(kp) dot 1367.31 1903.65,(note) box_source: 'cascade'
199,20150624_SSLC0041_C.jpg,1,1392,1873,1495,1922,1,0,Juv,1,(poly) 1490 1890 1486 1888 1484 1880 1472 1877 1469 1873 1399 1879 1400 1901 1396 1903 1396 1913 1408 1917 1436 1913 1464 1903 1476 1895 1488 1894,(kp) dot 1444.36 1904.37,(note) box_source: 'cascade'
200,20150624_SSLC0041_C.jpg,1,5472,3425,5558,3506,1,0,Juv,1,(poly) 5505 3455 5506 3469 5503 3473 5512 3475 5529 3496 5534 3496 5541 3488 5541 3476 5535 3469 5531 3457 5526 3453,(kp) dot 5511.4 3452.58,(note) box_source: 'cascade'
201,20150624_SSLC0041_C.jpg,1,5449,3354,5516,3423,1,0,Juv,1,(poly) 5453 3356 5452 3362 5467 3376 5472 3406 5482 3420 5498 3416 5514 3401 5511 3385 5487 3359,(kp) dot 5487.41 3398.8,(note) box_source: 'cascade'
202,20150624_SSLC0041_C.jpg,1,5370,3247,5457,3292,1,0,Juv,1,(poly) 5453 3265 5441 3255 5429 3255 5421 3259 5410 3260 5384 3275 5383 3286 5418 3288 5428 3285 5424 3285 5422 3283 5424 3281 5453 3274,(kp) dot 5424.9 3262.15,(note) box_source: 'seal_det'
203,20150624_SSLC0041_C.jpg,1,5348,3200,5461,3268,1,0,Juv,1,(poly) 5371 3216 5376 3231 5392 3240 5405 3240 5415 3248 5412 3259 5441 3254 5451 3261 5459 3254 5459 3243 5441 3216 5415 3201 5395 3200 5392 3206,(kp) dot 5412.54 3215.63,(note) box_source: 'cascade'
204,20150624_SSLC0041_C.jpg,1,5568,3208,5635,3282,1,0,Juv,1,(poly) 5576 3210 5584 3223 5588 3262 5598 3272 5625 3276 5628 3268 5606 3223 5589 3211,(kp) dot 5601.53 3238.16,(note) box_source: 'seal_det'
205,20150624_SSLC0041_C.jpg,1,5548,3277,5647,3332,1,0,Juv,1,(poly) 5635 3284 5628 3279 5618 3278 5624 3289 5622 3294 5593 3284 5582 3286 5569 3305 5591 3321 5618 3324 5634 3311 5632 3293,(kp) dot 5594.27 3303.58,(note) box_source: 'cascade'
206,20150624_SSLC0041_C.jpg,1,5550,3295,5624,3364,1,0,Juv,1,(poly) 5559 3300 5573 3332 5579 3338 5589 3339 5594 3336 5594 3322 5583 3318,(kp) dot 5599.35 3347.92,(note) box_source: 'cascade'
207,20150624_SSLC0041_C.jpg,1,5619,3339,5673,3411,1,0,Juv,1,(poly) 5652 3341 5644 3343 5636 3352 5631 3367 5621 3384 5620 3400 5632 3409 5639 3407 5635 3402 5635 3396 5651 3382 5653 3377 5653 3368 5650 3366 5653 3362 5653 3355 5649 3351,(kp) dot 5646.6 3374.81,(note) box_source: 'cascade'
208,20150624_SSLC0041_C.jpg,1,5617,3396,5677,3475,1,0,Juv,1,(poly) 5642 3426 5640 3428 5640 3442 5641 3443 5652 3443 5652 3427,(kp) dot 5648.78 3432.23,(note) box_source: 'cascade'
209,20150624_SSLC0041_C.jpg,1,5653,3367,5713,3462,1,0,Juv,1,(poly) 5677 3405 5674 3409 5674 3418 5676 3422 5690 3423 5692 3421 5691 3412 5693 3409 5693 3405,(kp) dot 5684.4 3412.61,(note) box_source: 'cascade'
210,20150624_SSLC0041_C.jpg,1,5660,3312,5719,3373,1,0,Juv,1,(poly) 5683 3336 5682 3348 5685 3351 5688 3351 5692 3348 5695 3348 5695 3336,(kp) dot 5690.94 3347.19,(note) box_source: 'cascade'
211,20150624_SSLC0041_C.jpg,1,5692,3340,5740,3408,1,0,Juv,1,(poly) 5713 3365 5709 3368 5709 3373 5711 3375 5711 3380 5720 3380 5725 3375 5725 3372 5718 3365,(kp) dot 5714.93 3383.53,(note) box_source: 'cascade'
212,20150624_SSLC0041_C.jpg,1,5633,3248,5730,3338,1,0,Juv,1,(poly) 5665 3279 5666 3304 5677 3307 5690 3305 5691 3298 5699 3291 5699 3284 5695 3284 5685 3278,(kp) dot 5670.59 3296.31,(note) box_source: 'cascade'
213,20150624_SSLC0041_C.jpg,1,5646,3199,5710,3288,1,0,Juv,1,(poly) 5664 3214 5660 3233 5646 3228 5650 3245 5661 3257 5656 3272 5676 3273 5703 3283 5707 3278 5697 3269 5688 3216,(kp) dot 5678.59 3256.33,(note) box_source: 'dot_heuristic'
214,20150624_SSLC0041_C.jpg,1,5685,3174,5727,3255,1,0,Juv,1,(poly) 5713 3195 5698 3195 5698 3207 5693 3210 5693 3218 5690 3220 5694 3241 5696 3239 5706 3239 5707 3232 5714 3224 5714 3219 5718 3211 5717 3206 5713 3204,(kp) dot 5706.94 3216.35,(note) box_source: 'seal_det'
215,20150624_SSLC0041_C.jpg,1,5593,3151,5734,3215,1,0,Juv,1,(poly) 5733 3166 5727 3160 5710 3158 5706 3152 5684 3155 5679 3165 5666 3162 5642 3172 5642 3192 5671 3213 5691 3212 5698 3199 5716 3202 5727 3186 5722 3175,(kp) dot 5677.13 3183.65,(note) box_source: 'seal_det'
216,20150624_SSLC0041_C.jpg,1,5618,3129,5706,3176,1,0,Juv,1,(poly) 5649 3143 5650 3144 5647 3147 5647 3150 5653 3157 5663 3157 5666 3159 5670 3157 5671 3145 5667 3141 5660 3140,(kp) dot 5671.32 3149.48,(note) box_source: 'cascade'
217,20150624_SSLC0041_C.jpg,1,5683,3105,5733,3162,1,0,Juv,1,(poly) 5706 3124 5702 3128 5706 3151 5714 3159 5729 3159 5730 3147 5726 3133 5716 3123,(kp) dot 5712.75 3124.04,(note) box_source: 'generic_det'
218,20150624_SSLC0041_C.jpg,1,5627,3046,5723,3123,1,0,Juv,1,(poly) 5662 3059 5659 3062 5659 3075 5665 3092 5691 3093 5695 3087 5696 3071 5677 3059,(kp) dot 5689.49 3084.79,(note) box_source: 'cascade'
219,20150624_SSLC0041_C.jpg,1,5620,3107,5669,3145,1,0,Juv,1,(poly) 5632 3117 5631 3119 5637 3125 5636 3132 5646 3141 5655 3141 5656 3137 5650 3131 5651 3120 5646 3120 5642 3116,(kp) dot 5634.97 3118.23,(note) box_source: 'cascade'
220,20150624_SSLC0041_C.jpg,1,5570,3103,5619,3144,1,0,Juv,1,(poly) 5601 3115 5597 3113 5594 3113 5592 3115 5588 3115 5588 3124 5585 3125 5589 3127 5599 3127 5599 3122 5602 3119,(kp) dot 5603.72 3127.68,(note) box_source: 'cascade'
221,20150624_SSLC0041_C.jpg,1,5545,3125,5608,3185,1,0,Juv,1,(poly) 5562 3141 5561 3148 5564 3151 5565 3158 5570 3163 5589 3164 5586 3161 5586 3154 5582 3150 5582 3143 5577 3142 5571 3136,(kp) dot 5577.55 3159.66,(note) box_source: 'cascade'
222,20150624_SSLC0041_C.jpg,1,5548,3082,5614,3120,1,0,Juv,1,(poly) 5574 3088 5574 3095 5571 3098 5571 3103 5575 3106 5583 3106 5587 3104 5588 3096 5585 3094 5584 3090 5580 3088,(kp) dot 5584.09 3090.61,(note) box_source: 'cascade'
223,20150624_SSLC0041_C.jpg,1,5547,3037,5638,3088,1,0,Juv,1,(poly) 5597 3050 5593 3050 5591 3052 5584 3052 5581 3062 5584 3068 5601 3067 5601 3054,(kp) dot 5593.54 3066.62,(note) box_source: 'cascade'
224,20150624_SSLC0041_C.jpg,1,5613,2987,5732,3051,1,0,Juv,1,(poly) 5685 3005 5672 3005 5669 3008 5664 3008 5660 3012 5660 3025 5669 3029 5679 3029 5683 3026 5686 3021 5687 3011,(kp) dot 5661.87 3015.01,(note) box_source: 'seal_det'
225,20150624_SSLC0041_C.jpg,1,5611,2946,5688,3000,1,0,Juv,1,(poly) 5658 2963 5649 2964 5640 2968 5641 2978 5646 2982 5646 2984 5658 2984 5661 2981 5660 2974 5658 2972,(kp) dot 5655.33 2970.68,(note) box_source: 'cascade'
226,20150624_SSLC0041_C.jpg,1,5558,2981,5623,3017,1,0,Juv,1,(poly) 5621 2986 5614 2985 5613 2983 5611 2985 5599 2985 5591 2992 5584 2995 5583 3000 5586 3004 5597 3003 5606 3009 5622 2994 5618 2990,(kp) dot 5601.53 2991.75,(note) box_source: 'cascade'
227,20150624_SSLC0041_C.jpg,1,5563,2913,5666,2984,1,0,Juv,1,(poly) 5657 2917 5614 2913 5593 2919 5594 2944 5587 2955 5598 2981 5616 2979 5638 2956 5663 2944,(kp) dot 5606.62 2966.31,(note) box_source: 'cascade'
228,20150624_SSLC0041_C.jpg,1,5519,2969,5588,3027,1,0,Juv,1,(poly) 5578 2975 5559 2971 5533 2985 5522 3000 5523 3021 5528 3022 5536 3012 5543 3016 5546 3009 5553 3008 5561 2999 5566 3000 5568 2988 5573 2984 5584 2984,(kp) dot 5572.46 2985.94,(note) box_source: 'seal_det'
229,20150624_SSLC0041_C.jpg,1,5499,3000,5572,3056,1,0,Juv,1,(poly) 5536 3013 5528 3022 5528 3033 5544 3036 5563 3053 5558 3040 5565 3040 5570 3044 5571 3038 5566 3033 5556 3032 5545 3020 5545 3014 5541 3017,(kp) dot 5526.66 3031.73,(note) box_source: 'cascade'
230,20150624_SSLC0041_C.jpg,1,5630,2888,5688,2956,1,0,Juv,1,(poly) 5665 2916 5664 2915 5653 2915 5652 2917 5645 2917 5643 2925 5636 2925 5632 2929 5633 2930 5662 2931 5665 2928,(kp) dot 5678.59 2916.16,(note) box_source: 'generic_det'
231,20150624_SSLC0041_C.jpg,1,5678,2857,5743,2936,1,0,Juv,1,(poly) 5721 2888 5705 2887 5700 2889 5700 2897 5706 2907 5708 2906 5710 2908 5712 2904 5716 2904 5716 2895,(kp) dot 5706.21 2879.09,(note) box_source: 'cascade'
232,20150624_SSLC0041_C.jpg,1,5579,2837,5701,2917,1,0,Fem,1,(poly) 5689 2854 5678 2850 5647 2868 5627 2869 5608 2885 5584 2883 5582 2888 5617 2911 5637 2912 5663 2899 5667 2891 5681 2890,(kp) dot 5655.33 2874,(note) box_source: 'cascade'
233,20150624_SSLC0041_C.jpg,1,5664,2770,5724,2837,1,0,Juv,1,(poly) 5688 2795 5687 2796 5687 2807 5688 2810 5699 2810 5699 2796 5697 2796 5695 2794,(kp) dot 5699.67 2820.94,(note) box_source: 'cascade'
234,20150624_SSLC0041_C.jpg,1,5625,2752,5704,2811,1,0,Juv,1,(poly) 5701 2779 5691 2771 5674 2770 5656 2775 5643 2789 5629 2791 5628 2797 5639 2808 5665 2808 5677 2796 5693 2793 5701 2784,(kp) dot 5672.77 2786.05,(note) box_source: 'generic_det'
235,20150624_SSLC0041_C.jpg,1,5593,2802,5695,2851,1,0,Juv,1,(poly) 5593 2807 5596 2816 5622 2838 5627 2835 5638 2835 5642 2831 5658 2834 5677 2817 5675 2810 5639 2809 5633 2805 5626 2806 5624 2802 5610 2808,(kp) dot 5635.7 2818.76,(note) box_source: 'cascade'
236,20150624_SSLC0041_C.jpg,1,5670,2733,5730,2773,1,0,Juv,1,(poly) 5729 2743 5717 2736 5704 2736 5690 2741 5675 2752 5676 2767 5694 2770 5699 2768 5705 2760 5727 2761,(kp) dot 5699.67 2752.62,(note) box_source: 'generic_det'
237,20150624_SSLC0041_C.jpg,1,5332,3060,5418,3091,1,0,Juv,1,(poly) 5384 3062 5366 3063 5363 3067 5365 3077 5372 3078 5374 3080 5380 3080 5381 3082 5384 3073,(kp) dot 5466.33 2994.66,(note) box_source: 'cascade'
238,20150624_SSLC0041_C.jpg,1,5406,2980,5521,3045,1,0,Juv,1,(poly) 5424 3001 5420 3034 5456 3044 5482 3041 5503 3019 5498 2994 5467 2980 5451 2980 5446 2990,(kp) dot 5458.33 3023.01,(note) box_source: 'cascade'
239,20150624_SSLC0041_C.jpg,1,5323,2959,5428,3032,1,0,Juv,1,(poly) 5407 2986 5405 2984 5392 2984 5379 2986 5377 2988 5364 2987 5360 2996 5366 3003 5370 3003 5376 3009 5387 3009 5396 3001 5405 2997,(kp) dot 5404.54 3050.63,(note) box_source: 'cascade'
240,20150624_SSLC0041_C.jpg,1,5370,3036,5460,3064,1,0,Juv,1,(poly) 5458 3047 5454 3043 5433 3040 5431 3038 5405 3039 5382 3043 5376 3046 5373 3052 5374 3058 5378 3061 5394 3063 5394 3060 5397 3059 5400 3061 5413 3062 5415 3060 5426 3058 5432 3054 5455 3058,(kp) dot 5373.29 3074.62,(note) box_source: 'generic_det'
241,20150624_SSLC0041_C.jpg,1,5378,3072,5438,3167,1,0,Juv,1,(poly) 5384 3073 5382 3083 5385 3092 5391 3098 5399 3100 5401 3139 5412 3145 5420 3135 5418 3132 5421 3125 5421 3101 5417 3090 5407 3078,(kp) dot 5398 3108.78,(note) box_source: 'generic_det'
242,20150624_SSLC0041_C.jpg,1,5420,3072,5456,3152,1,0,Juv,1,(poly) 5436 3102 5433 3105 5434 3122 5437 3125 5438 3128 5441 3131 5443 3131 5444 3130 5444 3123 5445 3122 5445 3113 5447 3111 5446 3106 5442 3102,(kp) dot 5435.8 3110.23,(note) box_source: 'cascade'
243,20150624_SSLC0041_C.jpg,1,5456,3059,5534,3148,1,0,Juv,1,(poly) 5500 3089 5487 3093 5480 3101 5474 3114 5475 3119 5481 3118 5490 3112 5502 3112 5504 3098,(kp) dot 5463.42 3115.32,(note) box_source: 'seal_det'
244,20150624_SSLC0041_C.jpg,1,5443,3068,5501,3148,1,0,Juv,1,(poly) 5482 3087 5472 3085 5461 3093 5459 3089 5453 3092 5445 3129 5453 3138 5477 3115 5477 3104 5487 3094 5482 3092,(kp) dot 5492.5 3118.96,(note) box_source: 'generic_det'
245,20150624_SSLC0041_C.jpg,1,5285,3028,5344,3131,1,0,Juv,1,(poly) 5340 3029 5324 3028 5309 3043 5300 3045 5291 3068 5293 3105 5288 3111 5287 3122 5290 3128 5324 3108 5327 3102 5326 3064 5339 3044,(kp) dot 5323.86 3078.98,(note) box_source: 'dot_heuristic'
246,20150624_SSLC0041_C.jpg,1,5422,2969,5518,3011,1,0,Juv,1,(poly) 5460 2981 5461 3004 5465 3007 5493 3007 5499 3000 5498 2994 5490 2987 5477 2985 5467 2980,(kp) dot 5367.47 3006.29,(note) box_source: 'seal_det'
247,20150624_SSLC0041_C.jpg,1,5219,3046,5257,3160,1,0,Juv,1,(poly) 5247 3046 5240 3046 5235 3052 5232 3068 5224 3087 5222 3118 5225 3120 5224 3136 5228 3142 5229 3155 5232 3158 5240 3157 5243 3153 5247 3129 5247 3086 5252 3070 5256 3066 5256 3056,(kp) dot 5243.17 3098.6,(note) box_source: 'seal_det'
248,20150624_SSLC0041_C.jpg,1,5137,3166,5182,3218,1,0,Juv,1,(poly) 5163 3186 5152 3186 5146 3195 5145 3202 5149 3212 5148 3215 5156 3214 5162 3207 5166 3195,(kp) dot 5153.76 3190.91,(note) box_source: 'cascade'
249,20150624_SSLC0041_C.jpg,1,5145,3219,5198,3256,1,0,Juv,1,(poly) 5164 3233 5163 3241 5172 3241 5173 3242 5176 3242 5176 3238 5177 3237 5177 3235 5175 3232 5168 3232 5167 3233,(kp) dot 5182.84 3235.25,(note) box_source: 'cascade'
250,20150624_SSLC0041_C.jpg,1,5131,3112,5161,3179,1,0,Juv,1,(poly) 5140 3135 5139 3136 5139 3143 5140 3144 5140 3147 5142 3149 5142 3151 5143 3152 5148 3152 5148 3138 5145 3138 5142 3135,(kp) dot 5149.4 3139.31,(note) box_source: 'dot_heuristic'
251,20150624_SSLC0041_C.jpg,1,5106,3119,5150,3213,1,0,Juv,1,(poly) 5116 3123 5109 3130 5107 3143 5112 3170 5119 3176 5120 3182 5131 3183 5134 3175 5144 3170 5144 3156 5135 3134 5135 3126 5128 3120,(kp) dot 5116.69 3155.3,(note) box_source: 'generic_det'
252,20150624_SSLC0041_C.jpg,1,5002,2950,5052,3044,1,0,Juv,1,(poly) 5031 2956 5025 2960 5012 2982 5010 3017 5017 3030 5022 3030 5029 3025 5034 3017 5032 3004 5035 3000 5035 2992 5039 2982 5035 2962,(kp) dot 5041.09 3036.82,(note) box_source: 'generic_det'
253,20150624_SSLC0041_C.jpg,1,5018,3019,5063,3078,1,0,Juv,1,(poly) 5036 3022 5019 3033 5021 3047 5031 3054 5034 3071 5041 3075 5053 3074 5051 3060 5059 3052 5053 3022,(kp) dot 5014.92 2982.31,(note) box_source: 'cascade'
254,20150624_SSLC0041_C.jpg,1,5003,2910,5065,2971,1,0,Juv,1,(poly) 5054 2934 5044 2928 5013 2942 5010 2940 5008 2966 5017 2970 5030 2953 5043 2954 5054 2939,(kp) dot 5049.81 2961.23,(note) box_source: 'cascade'
255,20150624_SSLC0041_C.jpg,1,4968,2886,5012,2985,1,0,Juv,1,(poly) 4987 2919 4970 2937 4970 2940 4977 2940 4977 2960 4991 2959 4996 2967 5006 2966 5009 2934 5005 2930 5005 2924 4999 2919,(kp) dot 4995.3 2935.06,(note) box_source: 'seal_det'
256,20150624_SSLC0041_C.jpg,1,4883,2946,4926,3002,1,0,Juv,1,(poly) 4896 2951 4884 2959 4883 2968 4887 2979 4903 2995 4914 2995 4918 2992 4917 2976 4913 2971 4913 2957,(kp) dot 4897.89 2983.76,(note) box_source: 'cascade'
257,20150624_SSLC0041_C.jpg,1,5022,2846,5078,2900,1,0,Juv,1,(poly) 5030 2872 5032 2883 5046 2885 5050 2881 5058 2881 5061 2893 5066 2893 5073 2886 5075 2871 5072 2867 5060 2860 5041 2861,(kp) dot 5054.9 2874.73,(note) box_source: 'cascade'
258,20150624_SSLC0041_C.jpg,1,4964,2770,5051,2826,1,0,Juv,1,(poly) 5042 2782 5034 2785 5025 2774 5014 2775 4998 2792 4994 2808 4988 2815 5000 2814 5017 2804 5021 2806 5026 2798 5034 2797 5040 2792,(kp) dot 4995.3 2786.05,(note) box_source: 'cascade'
259,20150624_SSLC0041_C.jpg,1,5056,2892,5108,2983,1,0,Juv,1,(poly) 5093 2898 5086 2899 5079 2906 5060 2948 5061 2971 5074 2967 5080 2976 5091 2968 5096 2954 5093 2924 5097 2915 5097 2902,(kp) dot 5086.89 2942.33,(note) box_source: 'generic_det'
260,20150624_SSLC0041_C.jpg,1,5080,2988,5120,3064,1,0,Juv,1,(poly) 5089 2992 5084 3007 5081 3008 5081 3030 5095 3040 5098 3051 5104 3057 5112 3058 5118 3045 5114 3028 5118 3024 5119 2998 5103 2992,(kp) dot 5096.34 3036.82,(note) box_source: 'dot_heuristic'
261,20150624_SSLC0041_C.jpg,1,5120,2991,5179,3087,1,0,Juv,1,(poly) 5144 3004 5140 3008 5143 3015 5138 3016 5134 3026 5140 3033 5146 3059 5163 3078 5178 3070 5172 3023 5164 3010 5159 3016 5154 3009,(kp) dot 5155.94 3036.09,(note) box_source: 'cascade'
262,20150624_SSLC0041_C.jpg,1,5114,2932,5169,3018,1,0,Juv,1,(poly) 5145 2934 5128 2942 5119 2955 5120 2973 5131 2994 5143 2992 5151 2982 5158 2981 5166 2967 5166 2959 5153 2965 5154 2946,(kp) dot 5133.41 2973.58,(note) box_source: 'cascade'
263,20150624_SSLC0041_C.jpg,1,5189,2896,5246,2989,1,0,Juv,1,(poly) 5204 2907 5194 2941 5225 2971 5224 2977 5230 2981 5243 2971 5243 2955 5229 2933 5214 2920 5211 2909,(kp) dot 5214.09 2951.78,(note) box_source: 'cascade'
264,20150624_SSLC0041_C.jpg,1,5224,2826,5263,2937,1,0,Juv,1,(poly) 5260 2828 5249 2828 5246 2832 5237 2833 5230 2839 5228 2848 5232 2853 5230 2860 5231 2884 5244 2902 5251 2902 5258 2897,(kp) dot 5232.99 2865.28,(note) box_source: 'cascade'
265,20150624_SSLC0041_C.jpg,1,5259,2855,5307,2937,1,0,Juv,1,(poly) 5278 2880 5270 2889 5267 2896 5267 2903 5272 2908 5275 2906 5286 2905 5291 2894 5288 2888,(kp) dot 5283.15 2882,(note) box_source: 'cascade'
266,20150624_SSLC0041_C.jpg,1,5298,2853,5341,2943,1,0,Juv,1,(poly) 5320 2853 5313 2853 5302 2861 5302 2881 5298 2890 5305 2924 5310 2925 5312 2939 5322 2932 5329 2898 5335 2894 5335 2869 5340 2866 5340 2862,(kp) dot 5323.13 2890.72,(note) box_source: 'cascade'
267,20150624_SSLC0041_C.jpg,1,5312,2764,5397,2869,1,0,Juv,1,(poly) 5371 2805 5346 2806 5343 2809 5336 2806 5336 2821 5342 2832 5335 2845 5336 2859 5341 2864 5355 2863 5370 2851 5382 2813,(kp) dot 5343.48 2848.56,(note) box_source: 'cascade'
268,20150624_SSLC0041_C.jpg,1,5433,2699,5482,2805,1,0,Juv,1,(poly) 5458 2736 5448 2739 5439 2747 5439 2758 5436 2759 5438 2792 5442 2799 5453 2799 5452 2790 5455 2787 5455 2778 5458 2776 5458 2766 5464 2765 5462 2741,(kp) dot 5456.88 2765.7,(note) box_source: 'generic_det'
269,20150624_SSLC0041_C.jpg,1,5604,2657,5690,2713,1,0,Juv,1,(poly) 5628 2666 5632 2678 5635 2680 5632 2689 5636 2707 5648 2703 5661 2694 5660 2682,(kp) dot 5654.6 2693.02,(note) box_source: 'dot_heuristic'
270,20150624_SSLC0041_C.jpg,1,5563,2658,5638,2710,1,0,Juv,1,(poly) 5590 2659 5588 2661 5588 2675 5590 2677 5590 2682 5587 2685 5588 2696 5603 2697 5603 2692 5607 2689 5608 2678 5602 2678 5598 2674 5594 2663,(kp) dot 5593.54 2686.47,(note) box_source: 'generic_det'
271,20150624_SSLC0041_C.jpg,1,5637,2694,5736,2743,1,0,Juv,1,(poly) 5676 2710 5676 2723 5696 2723 5696 2713 5691 2709 5678 2708,(kp) dot 5669.86 2718.46,(note) box_source: 'cascade'
272,20150624_SSLC0041_C.jpg,1,5542,2695,5619,2747,1,0,Juv,1,(poly) 5613 2706 5599 2697 5583 2699 5571 2710 5564 2710 5560 2719 5561 2730 5544 2737 5542 2742 5580 2746 5615 2724,(kp) dot 5572.46 2722.82,(note) box_source: 'cascade'
273,20150624_SSLC0041_C.jpg,1,5476,2693,5562,2745,1,0,Juv,1,(poly) 5494 2704 5510 2729 5508 2734 5498 2737 5500 2740 5526 2744 5543 2741 5544 2736 5560 2730 5560 2720 5545 2724 5525 2713 5524 2708 5509 2698 5510 2694 5501 2693,(kp) dot 5522.3 2722.82,(note) box_source: 'cascade'
274,20150624_SSLC0041_C.jpg,1,4772,1892,4845,1953,1,0,Juv,1,(poly) 4789 1892 4792 1898 4782 1903 4780 1921 4791 1921 4792 1940 4803 1948 4810 1947 4819 1937 4815 1920 4827 1899 4821 1893,(kp) dot 4808.48 1920.36,(note) box_source: 'cascade'
275,20150624_SSLC0041_C.jpg,1,4805,1922,4861,2003,1,0,Juv,1,(poly) 4837 1953 4819 1954 4816 1957 4816 1967 4812 1971 4811 1986 4807 1990 4807 1998 4815 1998 4817 1995 4832 1989 4832 1982 4840 1969 4840 1956,(kp) dot 4826.65 1952.35,(note) box_source: 'cascade'
276,20150624_SSLC0041_C.jpg,1,4839,1852,4933,1939,1,0,Juv,1,(poly) 4929 1886 4909 1882 4904 1871 4878 1870 4872 1907 4850 1925 4852 1935 4894 1932 4922 1909,(kp) dot 4888.44 1921.82,(note) box_source: 'cascade'
277,20150624_SSLC0041_C.jpg,1,4934,1873,5016,1929,1,0,Juv,1,(poly) 4961 1878 4950 1891 4947 1903 4957 1917 4963 1917 4967 1911 4984 1927 4990 1928 5003 1913 5006 1899 4987 1878 4973 1875,(kp) dot 4960.4 1905.1,(note) box_source: 'cascade'
278,20150624_SSLC0041_C.jpg,1,4987,1904,5046,1961,1,0,Juv,1,(poly) 5042 1916 5035 1910 5035 1917 5031 1920 5010 1922 5007 1925 5008 1941 5022 1942 5026 1950 5037 1945 5043 1937 5043 1930 5040 1927,(kp) dot 5010.56 1929.09,(note) box_source: 'cascade'
279,20150624_SSLC0041_C.jpg,1,4942,1960,4992,2020,1,0,Juv,1,(poly) 4971 1984 4962 1983 4957 1985 4958 1987 4949 1996 4949 2004 4957 2011 4966 2009 4971 2002,(kp) dot 4972.76 1990.14,(note) box_source: 'cascade'
280,20150624_SSLC0041_C.jpg,1,4974,1972,5035,2035,1,0,Juv,1,(poly) 4998 1997 4996 1999 4996 2011 5003 2018 5010 2018 5014 2014 5014 2001 5010 1997,(kp) dot 4998.2 2006.13,(note) box_source: 'cascade'
281,20150624_SSLC0041_C.jpg,1,5020,2003,5091,2053,1,0,Juv,1,(poly) 5031 2029 5037 2038 5049 2038 5076 2050 5084 2050 5080 2041 5090 2021 5090 2013 5086 2009 5070 2011 5069 2006 5064 2006,(kp) dot 5062.17 2023.58,(note) box_source: 'dot_heuristic'
282,20150624_SSLC0041_C.jpg,1,4929,2033,5032,2067,1,0,Juv,1,(poly) 4970 2036 4970 2053 4976 2058 4991 2058 5003 2054 5003 2037,(kp) dot 4983.66 2046.11,(note) box_source: 'generic_det'
283,20150624_SSLC0041_C.jpg,1,4870,1996,4963,2057,1,0,Juv,1,(poly) 4960 2014 4950 2006 4930 2008 4880 2040 4875 2049 4878 2053 4915 2055 4929 2047 4941 2032 4958 2025,(kp) dot 4908.79 2033.03,(note) box_source: 'generic_det'
284,20150624_SSLC0041_C.jpg,1,4775,2115,4827,2198,1,0,Juv,1,(poly) 4799 2144 4795 2148 4795 2164 4805 2166 4811 2160 4810 2149 4804 2144,(kp) dot 4814.3 2158.77,(note) box_source: 'cascade'
285,20150624_SSLC0041_C.jpg,1,4831,2132,4899,2182,1,0,Juv,1,(poly) 4853 2154 4853 2158 4856 2161 4871 2161 4871 2152 4870 2151 4865 2151 4864 2152 4856 2151,(kp) dot 4868.81 2155.14,(note) box_source: 'cascade'
286,20150624_SSLC0041_C.jpg,1,4824,2188,4901,2248,1,0,Juv,1,(poly) 4880 2214 4874 2209 4867 2208 4841 2211 4832 2219 4830 2235 4836 2244 4841 2245 4872 2237 4873 2231 4881 2230,(kp) dot 4860.09 2219.83,(note) box_source: 'seal_det'
287,20150624_SSLC0041_C.jpg,1,4928,2090,4995,2152,1,0,Juv,1,(poly) 4954 2114 4954 2127 4955 2128 4957 2127 4968 2127 4968 2114,(kp) dot 4962.58 2119.52,(note) box_source: 'cascade'
288,20150624_SSLC0041_C.jpg,1,4889,2060,5012,2112,1,0,Juv,1,(poly) 4972 2066 4960 2066 4938 2071 4928 2081 4942 2097 4965 2098 4972 2096 4980 2086 4980 2080,(kp) dot 4950.95 2084.63,(note) box_source: 'seal_det'
289,20150624_SSLC0041_C.jpg,1,5041,2050,5122,2121,1,0,Juv,1,(poly) 5058 2063 5060 2081 5073 2094 5099 2096 5101 2094 5098 2075 5084 2074 5074 2065,(kp) dot 5087.61 2077.37,(note) box_source: 'seal_det'
290,20150624_SSLC0041_C.jpg,1,5023,2101,5095,2166,1,0,Juv,1,(poly) 5088 2105 5072 2105 5066 2108 5065 2118 5061 2120 5056 2116 5046 2124 5042 2132 5048 2138 5056 2139 5063 2147 5090 2114,(kp) dot 5069.44 2124.61,(note) box_source: 'generic_det'
291,20150624_SSLC0041_C.jpg,1,4977,2154,5077,2249,1,0,Juv,1,(poly) 5052 2179 5047 2176 5042 2179 5038 2175 5021 2181 5008 2207 5005 2222 5022 2229 5037 2206 5047 2198 5054 2185,(kp) dot 5023.64 2200.93,(note) box_source: 'seal_det'
292,20150624_SSLC0041_C.jpg,1,5143,2122,5198,2208,1,0,Juv,1,(poly) 5164 2152 5158 2157 5159 2175 5161 2178 5171 2178 5176 2170 5177 2154,(kp) dot 5123.96 2125.34,(note) box_source: 'cascade'
293,20150624_SSLC0041_C.jpg,1,5137,2042,5186,2099,1,0,Juv,1,(poly) 5151 2044 5139 2053 5140 2069 5147 2079 5147 2089 5153 2095 5171 2095 5183 2083 5181 2065 5166 2053 5154 2053 5155 2044,(kp) dot 5158.12 2067.19,(note) box_source: 'dot_heuristic'
294,20150624_SSLC0041_C.jpg,1,5102,2096,5201,2153,1,0,Fem,1,(poly) 5174 2103 5160 2101 5151 2107 5130 2108 5121 2116 5112 2117 5108 2121 5109 2132 5118 2132 5129 2137 5151 2136 5156 2130 5161 2130 5164 2125 5174 2119,(kp) dot 5096.34 2131.88,(note) box_source: 'generic_det'
295,20150624_SSLC0041_C.jpg,1,5081,2167,5211,2239,1,0,Juv,1,(poly) 5133 2195 5133 2199 5130 2202 5130 2208 5135 2214 5146 2214 5148 2212 5158 2210 5160 2199 5157 2194 5135 2193,(kp) dot 5163.21 2164.59,(note) box_source: 'cascade'
296,20150624_SSLC0041_C.jpg,1,5190,2138,5232,2211,1,0,Juv,1,(poly) 5215 2165 5211 2167 5202 2166 5198 2171 5198 2179 5202 2183 5206 2184 5208 2182 5215 2181 5215 2178 5219 2176 5215 2170,(kp) dot 5209.73 2184.94,(note) box_source: 'seal_det'
297,20150624_SSLC0041_C.jpg,1,5201,2156,5285,2216,1,0,Juv,1,(poly) 5208 2168 5209 2173 5225 2178 5232 2185 5234 2191 5251 2191 5254 2187 5269 2189 5271 2175 5263 2165 5247 2162 5226 2162,(kp) dot 5251.89 2176.22,(note) box_source: 'cascade'
298,20150624_SSLC0041_C.jpg,1,5202,2073,5261,2142,1,0,Juv,1,(poly) 5259 2083 5243 2075 5219 2076 5210 2086 5211 2111 5230 2119 5245 2116 5255 2104 5253 2088,(kp) dot 5235.9 2088.99,(note) box_source: 'dot_heuristic'
299,20150624_SSLC0041_C.jpg,1,4614,1341,4676,1404,1,0,Juv,1,(poly) 4626 1357 4627 1377 4631 1381 4647 1385 4661 1396 4668 1394 4672 1384 4668 1374 4659 1365 4642 1355,(kp) dot 4649.29 1378.13,(note) box_source: 'cascade'
300,20150624_SSLC0041_C.jpg,1,4772,1291,4851,1367,1,0,Juv,1,(poly) 4842 1296 4802 1291 4781 1311 4784 1340 4799 1358 4811 1356 4811 1347 4819 1344 4819 1331 4831 1314 4845 1305,(kp) dot 4803.39 1330.15,(note) box_source: 'cascade'
301,20150624_SSLC0041_C.jpg,1,4624,1256,4720,1317,1,0,Juv,1,(poly) 4636 1262 4636 1268 4647 1273 4659 1292 4680 1309 4701 1309 4713 1304 4718 1296 4707 1279 4679 1262,(kp) dot 4673.28 1272.73,(note) box_source: 'seal_det'
302,20150624_SSLC0041_C.jpg,1,4815,1310,4856,1377,1,0,Juv,1,(poly) 4845 1311 4836 1310 4820 1331 4817 1357 4821 1366 4830 1375 4837 1374 4840 1370 4840 1345 4848 1325 4855 1317 4847 1315,(kp) dot 4838.28 1352.69,(note) box_source: 'generic_det'
303,20150624_SSLC0041_C.jpg,1,4851,1312,4898,1359,1,0,Juv,1,(poly) 4864 1312 4856 1322 4857 1343 4866 1354 4881 1356 4887 1350 4884 1344 4890 1332 4889 1323 4879 1314,(kp) dot 4870.27 1332.33,(note) box_source: 'dot_heuristic'
304,20150624_SSLC0041_C.jpg,1,4861,1283,4914,1337,1,0,Juv,1,(poly) 4864 1300 4865 1311 4879 1313 4890 1323 4894 1320 4892 1304 4883 1302 4869 1302,(kp) dot 4881.17 1299.63,(note) box_source: 'generic_det'
305,20150624_SSLC0041_C.jpg,1,4879,1203,4917,1286,1,0,Juv,1,(poly) 4904 1229 4892 1231 4890 1257 4881 1272 4887 1285 4907 1285 4908 1274 4915 1261 4915 1238,(kp) dot 4893.53 1268.37,(note) box_source: 'cascade'
306,20150624_SSLC0041_C.jpg,1,4905,1245,4950,1324,1,0,Juv,1,(poly) 4936 1245 4927 1245 4918 1250 4908 1278 4907 1291 4917 1309 4926 1315 4936 1307 4939 1283 4948 1278 4936 1256,(kp) dot 4926.24 1271.28,(note) box_source: 'cascade'
307,20150624_SSLC0041_C.jpg,1,4914,1201,4999,1304,1,0,Juv,1,(poly) 4925 1205 4922 1215 4930 1227 4931 1243 4918 1250 4914 1269 4921 1272 4937 1258 4960 1291 4975 1286 4982 1275 4967 1232 4935 1207,(kp) dot 4950.95 1248.75,(note) box_source: 'cascade'
308,20150624_SSLC0041_C.jpg,1,5063,1269,5142,1362,1,0,Juv,1,(poly) 5072 1274 5069 1283 5097 1347 5112 1357 5131 1357 5140 1337 5119 1301,(kp) dot 5109.42 1327.25,(note) box_source: 'generic_det'
309,20150624_SSLC0041_C.jpg,1,5166,1256,5248,1339,1,0,Juv,1,(poly) 5175 1268 5192 1288 5198 1305 5215 1305 5234 1317 5247 1313 5243 1289 5225 1269 5185 1261,(kp) dot 5219.18 1285.81,(note) box_source: 'cascade'
310,20150624_SSLC0041_C.jpg,1,5205,1281,5290,1354,1,0,Juv,1,(poly) 5255 1310 5253 1309 5239 1310 5239 1315 5238 1316 5239 1324 5255 1324,(kp) dot 5258.44 1303.99,(note) box_source: 'cascade'
311,20150624_SSLC0041_C.jpg,1,5189,1228,5293,1291,1,0,Juv,1,(poly) 5196 1239 5195 1245 5210 1247 5216 1264 5244 1290 5253 1290 5263 1283 5278 1288 5290 1274 5291 1258 5262 1234 5216 1229,(kp) dot 5262.07 1263.28,(note) box_source: 'cascade'
312,20150624_SSLC0041_C.jpg,1,5237,1172,5304,1250,1,0,Juv,1,(poly) 5258 1174 5247 1187 5247 1200 5263 1218 5277 1224 5300 1221 5297 1207 5270 1175,(kp) dot 5271.52 1203.68,(note) box_source: 'generic_det'
313,20150624_SSLC0041_C.jpg,1,5117,1169,5204,1224,1,0,Juv,1,(poly) 5192 1175 5185 1172 5162 1172 5136 1187 5128 1187 5122 1193 5124 1202 5138 1201 5157 1208 5178 1206 5192 1184,(kp) dot 5171.93 1199.32,(note) box_source: 'cascade'
314,20150624_SSLC0041_C.jpg,1,5575,486,5671,524,1,0,Juv,1,(poly) 5604 496 5603 500 5609 503 5613 509 5624 510 5630 513 5631 519 5631 514 5634 510 5631 496,(kp) dot 5619.71 505.17,(note) box_source: 'generic_det'
315,20150624_SSLC0041_C.jpg,1,5676,470,5727,524,1,0,Juv,1,(poly) 5689 470 5687 477 5683 479 5685 481 5679 487 5679 497 5695 517 5708 520 5720 511 5715 500 5716 491 5700 488 5698 477,(kp) dot 5698.94 503.71,(note) box_source: 'generic_det'
316,20150624_SSLC0041_C.jpg,1,3781,1438,3826,1468,1,0,Pup,1,(poly) 3825 1458 3823 1448 3817 1442 3811 1443 3810 1440 3806 1440 3801 1447 3794 1447 3790 1450 3791 1454 3789 1456 3785 1456 3790 1461 3800 1464 3815 1464 3819 1462 3821 1458,(kp) dot 3814.07 1453.72,(note) box_source: 'cascade'
317,20150624_SSLC0041_C.jpg,1,3991,1472,4035,1512,1,0,Pup,1,(poly) 4008 1472 3994 1484 3992 1493 4000 1502 4015 1504 4018 1503 4020 1495 4017 1492 4017 1488 4011 1484 4014 1476,(kp) dot 4008.88 1495.15,(note) box_source: 'cascade'
318,20150624_SSLC0041_C.jpg,1,4668,1303,4725,1348,1,0,Pup,1,(poly) 4672 1342 4679 1345 4697 1338 4702 1333 4703 1326 4722 1313 4721 1306 4707 1305 4701 1310 4680 1310 4672 1304 4676 1314 4683 1319 4672 1331,(kp) dot 4687.81 1325.79,(note) box_source: 'cascade'
319,20150624_SSLC0041_C.jpg,1,5583,578,5636,616,1,0,Juv,1,(poly) 5624 581 5610 584 5605 589 5604 600 5606 603 5615 601 5623 592 5623 588 5625 586,(kp) dot 5613.17 595.3,(note) box_source: 'cascade'
320,20150624_SSLC0041_C.jpg,1,4921,2014,4983,2082,1,0,Juv,1,(poly) 4961 2044 4958 2041 4953 2040 4945 2041 4945 2046 4938 2052 4940 2055 4940 2061 4960 2061 4959 2056,(note) box_source: 'refinement-2020-03-18',(note) changelog: ['created: 2020-03-18T220817+5']
321,20150624_SSLC0041_C.jpg,1,8,6,5752,128,1,0,Ignore,1,(poly) 2305 54 2305 79 3454 79 3454 54,(note) box_source: 'refinement-2020-03-18',(note) changelog: ['created: 2020-03-18T220817+5']
322,20150624_SSLC0041_C.jpg,1,5,141,2462,876,1,0,Ignore,1,(poly) 987 435 987 581 1078 672 1388 672 1479 581 1479 435 1388 344 1078 344,(note) box_source: 'refinement-2020-03-18',(note) changelog: ['created: 2020-03-18T220817+5']
323,20150624_SSLC0041_C.jpg,1,2478,145,4184,393,1,0,Ignore,1,(poly) 3160 244 3160 293 3501 293 3501 244,(note) box_source: 'refinement-2020-03-18',(note) changelog: ['created: 2020-03-18T220817+5']
324,20150624_SSLC0041_C.jpg,1,2466,397,3344,613,1,0,Ignore,1,(poly) 2817 483 2817 526 2992 526 2992 483,(note) box_source: 'refinement-2020-03-18',(note) changelog: ['created: 2020-03-18T220817+5']
325,20150624_SSLC0041_C.jpg,1,1040,1969,1186,2050,1,0,Bull,1,(poly) 1056 2011 1057 2018 1074 2033 1115 2046 1155 2042 1182 2015 1179 2005 1147 1997 1107 2001 1103 1997 1098 2000 1072 1997 1067 2006,(kp) dot 1123.8 2021.4,(note) box_source: 'generic_det'
326,20150624_SSLC0041_C.jpg,1,2933,1615,3038,1748,1,0,Bull,1,(poly) 3021 1627 2981 1629 2961 1648 2939 1688 2944 1740 2962 1747 2969 1742 2995 1694 2997 1670 3030 1637,(kp) dot 2967.96 1679.05,(note) box_source: 'cascade'
327,20150624_SSLC0041_C.jpg,1,3322,1411,3517,1507,1,0,SAM,1,(poly) 3324 1440 3336 1457 3350 1442 3371 1459 3395 1463 3394 1479 3403 1480 3407 1506 3429 1501 3455 1480 3482 1477 3505 1457 3513 1436 3412 1415 3398 1426 3340 1430,(kp) dot 3436.08 1452.27,(note) box_source: 'cascade'
328,20150624_SSLC0041_C.jpg,1,3744,1497,3897,1629,1,0,Bull,1,(poly) 3783 1566 3800 1581 3847 1603 3878 1598 3895 1588 3895 1582 3867 1555 3838 1546 3805 1543 3790 1557 3790 1564,(kp) dot 3827.88 1576.56,(note) box_source: 'generic_det'
329,20150624_SSLC0041_C.jpg,1,3957,517,4068,619,1,0,Bull,1,(poly) 4059 524 4042 522 4010 552 3989 557 3963 590 3962 600 3968 605 3992 602 3998 608 4017 604 4059 557,(kp) dot 4012.52 567.68,(note) box_source: 'cascade'
330,20150624_SSLC0041_C.jpg,1,5074,241,5123,287,1,0,Bull,1,(poly) 5099 243 5087 245 5080 254 5081 270 5089 281 5104 277 5113 263 5112 251,(kp) dot 5099.24 260.22,(note) box_source: 'generic_det'
331,20150624_SSLC0041_C.jpg,1,5281,599,5429,690,1,0,Bull,1,(poly) 5283 623 5285 632 5298 637 5311 653 5326 655 5339 669 5361 668 5392 676 5405 667 5397 645 5347 602 5310 607,(kp) dot 5344.21 638.18,(note) box_source: 'cascade'
332,20150624_SSLC0041_C.jpg,1,5464,2790,5585,2891,1,0,Bull,1,(poly) 5583 2800 5571 2790 5526 2797 5483 2823 5469 2841 5467 2888 5580 2826,(kp) dot 5523.03 2832.57,(note) box_source: 'cascade'
333,20150624_SSLC0041_C.jpg,1,4977,1305,5070,1423,1,0,Bull,1,(poly) 5063 1346 5048 1333 5035 1333 4984 1369 4982 1391 4994 1397 5031 1387 5037 1380 5061 1378 5066 1373,(hole) 5062 1364 5063 1363 5064 1364 5063 1365,(kp) dot 5049.81 1376.67,(note) box_source: 'generic_det'
334,20150624_SSLC0041_C.jpg,1,1898,2419,1964,2567,1,0,SAM,1,(poly) 1950 2428 1940 2428 1937 2432 1936 2451 1924 2466 1921 2491 1910 2509 1917 2516 1921 2530 1918 2565 1939 2553 1948 2536 1959 2463 1963 2461 1962 2451,(kp) dot 1944.47 2489.49,(note) box_source: 'cascade'
335,20150624_SSLC0041_C.jpg,1,5399,2396,5478,2490,1,0,SAM,1,(poly) 5460 2407 5440 2406 5434 2411 5418 2455 5399 2463 5421 2489 5440 2487 5455 2477 5476 2442 5476 2426,(kp) dot 5449.61 2440.07,(note) box_source: 'cascade'
336,20150624_SSLC0041_C.jpg,1,1120,1951,1214,2002,1,0,Fem,1,(poly) 1170 1962 1150 1962 1136 1969 1132 1973 1132 1979 1138 1986 1138 1995 1147 1995 1154 1988 1176 1981 1176 1971,(kp) dot 1167.41 1961.79,(note) box_source: 'cascade'
337,20150624_SSLC0041_C.jpg,1,1192,1953,1258,2061,1,0,Fem,1,(poly) 1235 1976 1226 1992 1212 1998 1212 2004 1218 2012 1218 2018 1228 2026 1245 2026 1249 2018 1247 1994 1244 1991 1242 1976,(kp) dot 1254.64 2000.32,(note) box_source: 'cascade'
338,20150624_SSLC0041_C.jpg,1,1277,2009,1425,2084,1,0,Fem,1,(poly) 1330 2042 1337 2056 1347 2061 1363 2062 1369 2043 1375 2046 1396 2039 1415 2040 1420 2033 1417 2025 1403 2013 1368 2011 1364 2016 1356 2012 1337 2017,(kp) dot 1373.12 2031.57,(note) box_source: 'generic_det'
339,20150624_SSLC0041_C.jpg,1,1218,2047,1324,2112,1,0,Fem,1,(poly) 1320 2080 1315 2069 1306 2064 1253 2066 1229 2091 1234 2101 1273 2101 1288 2094 1311 2094 1320 2085,(kp) dot 1283.72 2083.18,(note) box_source: 'dot_heuristic'
340,20150624_SSLC0041_C.jpg,1,3768,1455,3882,1522,1,0,Fem,1,(poly) 3771 1467 3775 1479 3786 1489 3791 1489 3794 1494 3814 1496 3836 1495 3838 1490 3852 1483 3868 1482 3878 1475 3874 1469 3861 1467 3843 1459 3821 1459 3815 1465 3800 1465 3784 1457,(kp) dot 3815.53 1471.89,(note) box_source: 'generic_det'
341,20150624_SSLC0041_C.jpg,1,5537,3372,5631,3464,1,0,Fem,1,(poly) 5577 3405 5574 3408 5574 3427 5578 3430 5589 3430 5593 3427 5593 3406 5591 3404,(kp) dot 5584.09 3419.15,(note) box_source: 'cascade'
342,20150624_SSLC0041_C.jpg,1,5485,3185,5591,3280,1,0,Fem,1,(poly) 5523 3221 5521 3230 5518 3232 5520 3244 5541 3274 5542 3267 5552 3249 5552 3236 5549 3234 5550 3224,(kp) dot 5535.39 3217.81,(note) box_source: 'generic_det'
343,20150624_SSLC0041_C.jpg,1,5389,3146,5521,3201,1,0,Fem,1,(poly) 5393 3190 5408 3189 5416 3181 5433 3185 5450 3183 5455 3178 5476 3176 5481 3171 5478 3152 5471 3149 5434 3151 5425 3146 5410 3158 5406 3169 5394 3182,(kp) dot 5446.7 3166.2,(note) box_source: 'generic_det'
344,20150624_SSLC0043_C.jpg,2,5509,1476,5601,1569,1,0,Juv,1,(poly) 5545 1513 5543 1526 5547 1533 5552 1531 5564 1533 5572 1523 5572 1509 5554 1508 5550 1512,(note) box_source: 'refinement-2020-03-18',(note) changelog: ['created: 2020-03-18T220817+5']
345,20150624_SSLC0043_C.jpg,2,4494,1532,4775,1715,1,0,Ignore,1,(poly) 4494 1546 4494 1698 4510 1714 4760 1714 4774 1700 4774 1544 4762 1532 4508 1532,(note) box_source: 'refinement-2020-03-18',(note) changelog: ['created: 2020-03-18T220817+5']
346,20150624_SSLC0043_C.jpg,2,3841,3299,5335,3829,1,0,Ignore,1,(poly) 3841 3360 3841 3767 3902 3828 5273 3828 5334 3767 5334 3360 5273 3299 3902 3299,(note) box_source: 'refinement-2020-03-18',(note) changelog: ['created: 2020-03-18T220817+5']
347,20150624_SSLC0043_C.jpg,2,2514,3601,3830,3829,1,0,Ignore,1,(poly) 3040 3692 3040 3737 3303 3737 3303 3692,(note) box_source: 'refinement-2020-03-18',(note) changelog: ['created: 2020-03-18T220817+5']
348,20150624_SSLC0043_C.jpg,2,5,3725,2506,3838,1,0,Ignore,1,(poly) 1005 3770 1005 3792 1505 3792 1505 3770,(note) box_source: 'refinement-2020-03-18',(note) changelog: ['created: 2020-03-18T220817+5']
349,20150624_SSLC0043_C.jpg,2,1,6,4613,417,1,0,Ignore,1,(poly) 1845 170 1845 252 1986 393 2627 393 2768 252 2768 170 2627 29 1986 29,(note) box_source: 'refinement-2020-03-18',(note) changelog: ['created: 2020-03-18T220817+5']
350,20150624_SSLC0043_C.jpg,2,4613,2,5748,326,1,0,Ignore,1,(poly) 5067 131 5067 196 5293 196 5293 131,(note) box_source: 'refinement-2020-03-18',(note) changelog: ['created: 2020-03-18T220817+5']
351,20150624_SSLC0043_C.jpg,2,4631,2662,4765,2782,1,0,Bull,1,(poly) 4763 2684 4745 2667 4725 2669 4666 2720 4649 2725 4646 2775 4684 2777 4716 2763 4756 2729,(kp) dot 4690.52 2742.68,(note) box_source: 'cascade'
352,20150624_SSLC0043_C.jpg,2,5482,2929,5593,3006,1,0,SAM,1,(poly) 5491 2932 5489 2942 5498 2952 5503 2975 5522 2990 5555 3002 5585 2993 5588 2971 5580 2975 5567 2971 5523 2934,(kp) dot 5533.45 2964.17,(note) box_source: 'cascade'
353,20150624_SSLC0043_C.jpg,2,5318,1597,5440,1650,1,0,Fem,1,(poly) 5435 1625 5431 1609 5425 1603 5387 1599 5372 1602 5349 1600 5344 1605 5320 1604 5321 1614 5334 1627 5342 1627 5358 1636 5360 1647 5376 1644 5424 1646 5432 1640,(kp) dot 5384.1 1620.04,(note) box_source: 'dot_heuristic'
354,20150624_SSLC0043_C.jpg,2,5545,3563,5610,3672,1,0,Fem,1,(poly) 5573 3567 5569 3578 5563 3582 5557 3592 5557 3616 5571 3628 5593 3629 5594 3611 5581 3585 5579 3574,(kp) dot 5584.07 3618.51,(note) box_source: 'cascade'
355,20150624_SSLC0043_C.jpg,2,5458,1437,5502,1569,1,0,Juv,1,(poly) 5492 1443 5483 1449 5466 1477 5470 1510 5478 1517 5491 1516 5498 1491 5496 1449,(kp) dot 5473.96 1494.74,(note) box_source: 'cascade'
356,20150624_SSLC0043_C.jpg,2,5577,1396,5650,1480,1,0,Juv,1,(poly) 5619 1428 5608 1428 5605 1431 5604 1442 5601 1445 5602 1463 5600 1466 5600 1474 5602 1476 5610 1471 5619 1460 5621 1453 5621 1439,(kp) dot 5603.06 1427.66,(note) box_source: 'cascade'
357,20150624_SSLC0043_C.jpg,2,5547,1476,5616,1570,1,0,Juv,1,(poly) 5588 1513 5574 1513 5574 1517 5572 1519 5573 1523 5570 1527 5574 1532 5589 1531 5590 1521,(kp) dot 5553.7 1509.93,(note) box_source: 'cascade'
358,20150624_SSLC0043_C.jpg,2,5478,1472,5543,1567,1,0,Juv,1,(poly) 5504 1510 5504 1512 5502 1514 5502 1523 5504 1525 5504 1528 5516 1528 5516 1523 5517 1522 5516 1514 5517 1511 5516 1510,(kp) dot 5516.99 1504.86,(note) box_source: 'dot_heuristic'
359,20150624_SSLC0043_C.jpg,2,5421,1503,5478,1581,1,0,Juv,1,(poly) 5443 1534 5443 1549 5444 1550 5450 1551 5459 1547 5459 1537 5455 1534,(kp) dot 5456.24 1539.04,(note) box_source: 'cascade'
360,20150624_SSLC0043_C.jpg,2,5371,1531,5428,1603,1,0,Juv,1,(poly) 5381 1533 5374 1548 5378 1577 5392 1594 5407 1601 5405 1592 5427 1567 5422 1541 5405 1533 5395 1537 5385 1537,(kp) dot 5413.21 1560.55,(note) box_source: 'cascade'
361,20150624_SSLC0043_C.jpg,2,5332,1659,5387,1711,1,0,Juv,1,(poly) 5384 1668 5375 1660 5362 1662 5348 1668 5337 1681 5336 1686 5348 1695 5356 1696 5360 1691 5371 1686 5384 1673,(kp) dot 5360.05 1678.26,(note) box_source: 'cascade'
362,20150624_SSLC0043_C.jpg,2,5255,1768,5301,1827,1,0,Juv,1,(poly) 5284 1768 5273 1768 5257 1782 5262 1794 5260 1813 5267 1815 5269 1821 5276 1821 5287 1808 5295 1810 5300 1799 5300 1779,(kp) dot 5276.52 1794.7,(note) box_source: 'seal_det'
363,20150624_SSLC0043_C.jpg,2,5276,1789,5315,1832,1,0,Juv,1,(poly) 5305 1791 5303 1791 5305 1794 5290 1807 5291 1810 5289 1811 5296 1821 5296 1825 5300 1825 5307 1820 5314 1811 5314 1802,(kp) dot 5296.77 1817.48,(note) box_source: 'dot_heuristic'
364,20150624_SSLC0043_C.jpg,2,5180,1837,5276,1924,1,0,Juv,1,(poly) 5188 1838 5188 1844 5206 1847 5222 1894 5236 1894 5249 1916 5246 1922 5258 1923 5250 1893 5274 1869 5267 1866 5272 1854 5246 1866 5222 1841,(kp) dot 5232.22 1865.58,(note) box_source: 'cascade'
365,20150624_SSLC0043_C.jpg,2,5221,1723,5295,1810,1,0,Juv,1,(poly) 5274 1724 5251 1734 5224 1763 5222 1796 5228 1807 5240 1803 5245 1790 5258 1785 5268 1770 5282 1765 5286 1748 5293 1748,(kp) dot 5255 1759.26,(note) box_source: 'cascade'
366,20150624_SSLC0043_C.jpg,2,5311,1856,5386,1914,1,0,Juv,1,(poly) 5334 1874 5338 1888 5340 1890 5349 1890 5350 1892 5354 1892 5355 1884 5362 1877 5369 1878 5376 1883 5383 1882 5376 1875 5368 1873 5362 1867 5357 1867 5355 1863 5352 1869 5338 1871,(kp) dot 5329.68 1887.09,(note) box_source: 'generic_det'
367,20150624_SSLC0043_C.jpg,2,5330,1957,5392,2020,1,0,Juv,1,(poly) 5348 1963 5349 1977 5344 1983 5349 1988 5353 2002 5361 2005 5391 2002 5387 2000 5391 1995 5391 1975 5385 1969 5386 1964 5377 1961 5366 1973 5362 1973 5355 1959,(kp) dot 5366.38 1978.22,(note) box_source: 'cascade'
368,20150624_SSLC0043_C.jpg,2,5301,1908,5379,2029,1,0,Juv,1,(poly) 5376 1910 5355 1925 5329 1935 5318 1946 5312 1964 5316 1977 5329 1985 5347 1980 5347 1963 5373 1935,(kp) dot 5366.38 1956.7,(note) box_source: 'seal_det'
369,20150624_SSLC0043_C.jpg,2,5386,1967,5436,2008,1,0,Juv,1,(poly) 5435 1980 5425 1972 5412 1970 5402 1979 5401 1991 5388 2000 5400 2004 5419 2004 5421 2002 5425 2004 5435 1993,(kp) dot 5414.48 1990.88,(note) box_source: 'cascade'
370,20150624_SSLC0043_C.jpg,2,5264,1904,5312,2000,1,0,Juv,1,(poly) 5282 1906 5264 1925 5269 1928 5271 1936 5270 1956 5280 1967 5305 1969 5311 1960 5304 1943 5297 1938 5298 1919 5294 1912 5299 1907 5297 1904,(kp) dot 5289.18 1949.11,(note) box_source: 'cascade'
371,20150624_SSLC0043_C.jpg,2,5293,1897,5365,1947,1,0,Juv,1,(poly) 5295 1912 5299 1919 5298 1933 5309 1934 5316 1943 5343 1928 5342 1913 5337 1908 5316 1906 5308 1901,(kp) dot 5325.88 1914.94,(note) box_source: 'cascade'
372,20150624_SSLC0043_C.jpg,2,5315,1796,5381,1863,1,0,Juv,1,(poly) 5322 1800 5322 1804 5332 1808 5330 1828 5334 1840 5318 1841 5330 1853 5350 1855 5355 1862 5366 1848 5372 1847 5370 1834 5377 1825 5378 1809 5367 1801 5349 1797,(kp) dot 5349.93 1832.67,(note) box_source: 'cascade'
373,20150624_SSLC0043_C.jpg,2,5551,1623,5613,1679,1,0,Juv,1,(poly) 5611 1629 5601 1627 5587 1636 5553 1636 5551 1641 5564 1673 5580 1670 5591 1662 5612 1636,(kp) dot 5592.93 1659.27,(note) box_source: 'cascade'
374,20150624_SSLC0043_C.jpg,2,5513,1590,5607,1641,1,0,Juv,1,(poly) 5518 1615 5536 1620 5543 1627 5547 1636 5548 1633 5586 1635 5598 1628 5597 1622 5591 1616 5567 1602 5547 1601 5543 1605 5526 1604 5520 1611 5521 1614,(kp) dot 5577.75 1621.31,(note) box_source: 'cascade'
375,20150624_SSLC0043_C.jpg,2,5607,1566,5677,1623,1,0,Juv,1,(poly) 5622 1598 5623 1606 5644 1606 5654 1609 5664 1591 5651 1580 5641 1578 5638 1586 5628 1588 5628 1593,(kp) dot 5644.83 1592.2,(note) box_source: 'dot_heuristic'
376,20150624_SSLC0043_C.jpg,2,5585,1531,5661,1580,1,0,Juv,1,(poly) 5650 1543 5646 1539 5626 1538 5618 1542 5598 1542 5590 1546 5588 1553 5592 1558 5599 1558 5600 1566 5608 1567 5620 1560 5630 1560 5631 1558 5645 1555 5650 1551,(kp) dot 5616.98 1558.02,(note) box_source: 'dot_heuristic'
377,20150624_SSLC0043_C.jpg,2,5593,1497,5665,1544,1,0,Juv,1,(poly) 5652 1511 5650 1509 5642 1509 5640 1511 5618 1514 5615 1518 5615 1534 5619 1538 5632 1536 5631 1534 5637 1528 5645 1527 5653 1519,(kp) dot 5633.43 1525.12,(note) box_source: 'dot_heuristic'
378,20150624_SSLC0043_C.jpg,2,5591,1651,5668,1700,1,0,Juv,1,(poly) 5639 1663 5636 1661 5632 1661 5628 1666 5623 1670 5621 1670 5621 1680 5637 1681 5637 1675 5639 1672,(kp) dot 5646.09 1664.34,(note) box_source: 'cascade'
379,20150624_SSLC0043_C.jpg,2,5670,1719,5733,1777,1,0,Juv,1,(poly) 5721 1726 5717 1723 5704 1723 5697 1725 5692 1730 5681 1731 5674 1737 5675 1748 5685 1755 5707 1753 5707 1749 5712 1746 5714 1738 5719 1734 5718 1729,(kp) dot 5695.45 1744.07,(note) box_source: 'cascade'
380,20150624_SSLC0043_C.jpg,2,5591,1705,5712,1764,1,0,Juv,1,(poly) 5597 1734 5605 1740 5624 1736 5639 1741 5663 1740 5672 1735 5675 1748 5685 1755 5701 1754 5711 1746 5711 1723 5685 1731 5682 1715 5669 1711 5653 1715 5640 1707 5636 1710 5617 1708 5612 1712 5611 1723,(kp) dot 5648.62 1730.15,(note) box_source: 'cascade'
381,20150624_SSLC0043_C.jpg,2,5383,1651,5465,1749,1,0,Juv,1,(poly) 5452 1687 5446 1686 5444 1688 5435 1688 5431 1690 5415 1690 5415 1709 5432 1709 5432 1705 5445 1698 5451 1691,(kp) dot 5415.74 1687.12,(note) box_source: 'cascade'
382,20150624_SSLC0043_C.jpg,2,5398,1748,5463,1855,1,0,Juv,1,(poly) 5432 1772 5425 1779 5420 1817 5424 1823 5423 1834 5437 1839 5451 1820 5459 1815 5461 1802 5457 1793 5458 1785 5449 1784,(kp) dot 5442.32 1821.28,(note) box_source: 'cascade'
383,20150624_SSLC0043_C.jpg,2,5559,1904,5631,1964,1,0,Juv,1,(poly) 5607 1907 5589 1909 5582 1915 5577 1928 5579 1945 5596 1960 5609 1955 5617 1942 5627 1942 5626 1916,(kp) dot 5603.06 1933.92,(note) box_source: 'cascade'
384,20150624_SSLC0043_C.jpg,2,5655,2122,5723,2183,1,0,Juv,1,(poly) 5720 2147 5713 2138 5702 2138 5692 2144 5684 2142 5679 2155 5670 2163 5663 2163 5659 2168 5664 2174 5685 2171 5698 2163 5712 2159,(kp) dot 5694.19 2155.41,(note) box_source: 'cascade'
385,20150624_SSLC0043_C.jpg,2,5693,2163,5758,2235,1,0,Juv,1,(poly) 5726 2188 5723 2188 5719 2191 5717 2199 5718 2210 5720 2210 5725 2206 5731 2206 5733 2193 5731 2191 5727 2191,(kp) dot 5742.28 2202.24,(note) box_source: 'seal_det'
386,20150624_SSLC0043_C.jpg,2,5732,2132,5759,2169,1,0,Juv,1,(poly) 5738 2145 5738 2148 5742 2154 5750 2154 5752 2152 5752 2144 5751 2143 5753 2142 5742 2142,(kp) dot 5751.14 2155.41,(note) box_source: 'dot_heuristic'
387,20150624_SSLC0043_C.jpg,2,5482,1607,5561,1705,1,0,Fem,1,(poly) 5485 1612 5490 1621 5489 1635 5514 1666 5551 1670 5557 1665 5555 1648 5536 1621 5509 1611,(kp) dot 5530.92 1647.88,(note) box_source: 'cascade'
388,20150624_SSLC0043_C.jpg,2,5629,1657,5737,1727,1,0,Juv,1,(poly) 5714 1684 5680 1682 5675 1677 5656 1680 5640 1700 5636 1712 5639 1714 5638 1721 5647 1721 5659 1710 5693 1713 5712 1695,(kp) dot 5663.81 1699.78,(note) box_source: 'cascade'
389,20150624_SSLC0043_C.jpg,2,5293,1674,5401,1766,1,0,Fem,1,(poly) 5334 1712 5336 1729 5357 1729 5357 1710 5352 1705 5343 1706,(kp) dot 5362.58 1726.35,(note) box_source: 'cascade'
390,20150624_SSLC0043_C.jpg,2,5242,1924,5288,2029,1,0,Juv,1,(poly) 5259 1925 5244 1935 5243 1951 5248 1971 5268 2007 5273 2024 5277 2026 5283 2018 5287 1983 5271 1961 5268 1928,(kp) dot 5265.13 1970.63,(note) box_source: 'cascade'
391,20150624_SSLC0043_C.jpg,2,5335,1927,5386,1991,1,0,Juv,1,(poly) 5381 1930 5374 1929 5374 1935 5363 1942 5364 1947 5359 1952 5355 1952 5355 1965 5359 1965 5362 1972 5366 1972 5372 1964 5384 1957 5385 1934,(kp) dot 5330.94 1961.77,(note) box_source: 'cascade'
392,20150624_SSLC0043_C.jpg,2,5528,2858,5593,2976,1,0,Juv,1,(poly) 5549 2901 5537 2923 5536 2935 5531 2939 5550 2960 5569 2971 5577 2969 5580 2962 5566 2943 5571 2904,(kp) dot 5558.76 2922.4,(note) box_source: 'seal_det'
393,20150624_SSLC0043_C.jpg,2,5505,2859,5555,2930,1,0,Juv,1,(poly) 5525 2887 5525 2901 5534 2901 5537 2897 5537 2889 5535 2887,(kp) dot 5530.92 2900.88,(note) box_source: 'cascade'
394,20150624_SSLC0043_C.jpg,2,5490,2710,5535,2786,1,0,Juv,1,(poly) 5508 2715 5498 2728 5498 2742 5504 2748 5503 2757 5506 2762 5506 2778 5512 2778 5525 2756 5525 2740 5523 2736 5528 2732 5528 2727 5515 2717,(kp) dot 5515.73 2745.21,(note) box_source: 'cascade'
395,20150624_SSLC0043_C.jpg,2,5509,3008,5573,3089,1,0,Juv,1,(poly) 5562 3030 5545 3030 5541 3027 5534 3030 5534 3056 5543 3061 5547 3060 5555 3050,(kp) dot 5529.65 3036.31,(note) box_source: 'cascade'
396,20150624_SSLC0043_C.jpg,2,5538,3026,5605,3070,1,0,Juv,1,(poly) 5577 3041 5572 3039 5566 3032 5563 3032 5560 3042 5550 3056 5549 3061 5560 3062 5573 3058 5578 3052,(kp) dot 5570.15 3043.9,(note) box_source: 'cascade'
397,20150624_SSLC0043_C.jpg,2,5586,3071,5634,3120,1,0,Juv,1,(poly) 5630 3088 5617 3087 5612 3090 5603 3091 5598 3098 5595 3098 5595 3108 5605 3113 5619 3112 5629 3104,(kp) dot 5618.25 3103.39,(note) box_source: 'dot_heuristic'
398,20150624_SSLC0043_C.jpg,2,5620,3041,5666,3103,1,0,Juv,1,(poly) 5635 3047 5631 3050 5631 3061 5638 3070 5638 3078 5644 3085 5650 3086 5653 3092 5658 3095 5660 3090 5658 3081 5659 3064 5656 3056 5650 3052 5642 3057,(kp) dot 5651.15 3069.22,(note) box_source: 'generic_det'
399,20150624_SSLC0043_C.jpg,2,5502,3094,5593,3182,1,0,Juv,1,(poly) 5537 3118 5532 3128 5537 3135 5538 3146 5554 3149 5566 3135 5557 3128 5552 3120,(kp) dot 5548.64 3142.62,(note) box_source: 'cascade'
400,20150624_SSLC0043_C.jpg,2,5572,3681,5624,3749,1,0,Juv,1,(poly) 5578 3694 5582 3699 5591 3702 5588 3711 5592 3721 5600 3721 5608 3726 5613 3725 5615 3708 5599 3689 5587 3688 5584 3693,(kp) dot 5590.4 3708.37,(note) box_source: 'cascade'
401,20150624_SSLC0043_C.jpg,2,5526,3638,5592,3709,1,0,Juv,1,(poly) 5553 3664 5550 3667 5549 3676 5552 3680 5565 3680 5566 3676 5571 3671 5571 3669 5566 3664,(kp) dot 5552.43 3674.2,(note) box_source: 'cascade'
