# 1: Detection or Track-id,2: Video or Image Identifier,3: Unique Frame Identifier,4-7: Img-bbox(TL_x,TL_y,BR_x,BR_y),8: Detection or Length Confidence,9: Target Length (0 or -1 if invalid),10-11+: Repeated Species,Confidence Pairs or Attributes
# metadata -
# Written on Mon Mar  1 20:43:37 2021 by: dive:python
283270,20150624_SSLC0013_C.png,0,1568,1108,1616,1163,1.0,-1,Juv,1.0,(poly) 1568 1159 1572 1163 1580 1161 1584 1150 1589 1141 1597 1129 1615 1112 1616 1108 1610 1108 1600 1109 1595 1110 1584 1118 1578 1129 1581 1135 1584 1143 1582 1150 1576 1154 1569 1154 1568 1159
207693,20150624_SSLC0013_C.png,0,1520,1593,1560,1640,1.0,-1,Bull,1.0,(poly) 1548 1638 1552 1640 1555 1637 1559 1629 1560 1622 1557 1610 1553 1603 1547 1602 1533 1598 1527 1593 1522 1593 1520 1605 1521 1613 1522 1617 1520 1623 1524 1630 1538 1631 1543 1636 1548 1638
207694,20150624_SSLC0013_C.png,0,2428,1041,2535,1152,1.0,-1,SAM,1.0,(poly) 2428 1152 2432 1142 2435 1129 2450 1106 2457 1092 2458 1086 2451 1070 2448 1055 2449 1043 2460 1041 2464 1053 2469 1069 2476 1075 2479 1062 2485 1054 2500 1050 2514 1050 2527 1049 2528 1060 2522 1074 2517 1082 2535 1078 2524 1094 2515 1105 2503 1116 2491 1128 2473 1137 2453 1144 2434 1150 2428 1152
207695,20150624_SSLC0013_C.png,0,1734,1002,1805,1086,1.0,-1,Fem,1.0,(poly) 1749 1003 1754 1009 1756 1015 1753 1020 1743 1026 1738 1033 1735 1043 1736 1056 1741 1065 1746 1069 1747 1073 1737 1072 1734 1073 1735 1078 1741 1080 1755 1083 1762 1086 1777 1084 1789 1081 1799 1079 1805 1077 1805 1073 1802 1067 1792 1064 1787 1063 1777 1053 1776 1048 1778 1039 1781 1034 1777 1034 1772 1040 1769 1045 1763 1041 1763 1033 1770 1025 1777 1023 1787 1022 1787 1020 1781 1016 1775 1015 1768 1018 1765 1014 1764 1009 1757 1004 1754 1002 1749 1003
207696,20150624_SSLC0013_C.png,0,1517,1335,1595,1386,1.0,-1,Fem,1.0,(poly) 1519 1349 1520 1340 1528 1336 1540 1335 1557 1342 1562 1348 1572 1353 1576 1359 1585 1356 1589 1356 1594 1357 1595 1362 1592 1369 1582 1375 1573 1382 1562 1386 1555 1386 1545 1376 1538 1369 1532 1360 1527 1358 1520 1360 1517 1354 1519 1349
207697,20150624_SSLC0013_C.png,0,2064,1340,2203,1402,1.0,-1,Fem,1.0,(poly) 2064 1394 2071 1398 2090 1396 2107 1398 2119 1402 2135 1401 2154 1398 2179 1387 2187 1382 2198 1386 2203 1385 2201 1380 2191 1376 2186 1368 2180 1363 2161 1354 2156 1356 2160 1362 2134 1365 2131 1364 2134 1358 2140 1347 2142 1340 2130 1344 2121 1354 2116 1362 2097 1371 2078 1380 2066 1386 2064 1394
207698,20150624_SSLC0013_C.png,0,1642,1988,1759,2085,1.0,-1,Fem,1.0,(poly) 1645 2085 1651 2084 1674 2069 1717 2033 1720 2039 1733 2027 1740 2016 1751 2018 1759 2015 1757 2007 1746 1997 1716 1988 1683 1993 1666 1990 1668 1998 1681 2001 1690 2001 1691 2002 1680 2019 1665 2043 1657 2055 1649 2067 1643 2073 1642 2084 1645 2085
207699,20150624_SSLC0013_C.png,0,1910,1143,1979,1243,1.0,-1,Fem,1.0,(poly) 1979 1241 1978 1235 1976 1226 1970 1217 1960 1203 1958 1194 1946 1182 1933 1168 1928 1159 1927 1156 1936 1151 1939 1150 1930 1143 1913 1154 1911 1163 1910 1182 1914 1188 1920 1196 1925 1200 1927 1209 1934 1219 1944 1224 1957 1231 1967 1238 1973 1243 1979 1241
207700,20150624_SSLC0013_C.png,0,1685,794,1718,859,1.0,-1,Juv,1.0,(poly) 1685 822 1685 809 1692 804 1699 804 1702 794 1709 795 1706 802 1702 808 1705 811 1712 809 1717 808 1718 813 1712 818 1707 824 1710 829 1712 835 1717 836 1714 842 1711 844 1712 847 1714 855 1712 859 1699 857 1691 843 1688 833 1685 822
207701,20150624_SSLC0013_C.png,0,1691,838,1725,915,1.0,-1,Juv,1.0,(poly) 1713 914 1717 905 1716 903 1713 895 1718 892 1719 886 1723 879 1725 874 1724 873 1724 869 1725 859 1722 848 1719 840 1717 838 1713 843 1710 850 1701 857 1695 857 1693 853 1691 860 1692 868 1693 873 1693 891 1698 901 1703 910 1707 915 1713 914
207702,20150624_SSLC0013_C.png,0,1725,867,1791,930,1.0,-1,Juv,1.0,(poly) 1773 930 1787 925 1791 921 1791 915 1786 911 1776 911 1773 906 1774 895 1774 891 1772 886 1769 879 1767 884 1766 888 1765 890 1763 893 1758 885 1752 877 1745 873 1749 870 1747 867 1736 871 1729 873 1726 877 1725 883 1726 886 1727 893 1729 895 1732 893 1734 898 1735 901 1732 904 1732 909 1753 929 1773 930
207703,20150624_SSLC0013_C.png,0,1597,877,1667,955,1.0,-1,Juv,1.0,(poly) 1646 955 1651 953 1654 946 1656 935 1658 918 1656 908 1662 900 1666 891 1667 883 1663 881 1658 887 1649 895 1642 886 1635 881 1615 877 1605 882 1599 889 1597 895 1606 911 1617 909 1619 914 1621 919 1614 924 1610 928 1613 932 1619 930 1625 926 1629 926 1634 932 1636 941 1639 950 1642 955 1646 955
207704,20150624_SSLC0013_C.png,0,1552,843,1636,893,1.0,-1,Juv,1.0,(poly) 1632 872 1634 869 1636 866 1635 863 1628 862 1619 864 1613 865 1609 865 1606 863 1595 859 1591 859 1584 857 1571 850 1566 848 1569 848 1576 849 1579 847 1575 844 1568 843 1560 843 1554 849 1553 854 1552 861 1554 865 1559 874 1565 879 1576 883 1585 885 1576 887 1572 886 1575 891 1582 893 1590 890 1597 889 1607 885 1616 878 1625 879 1628 877 1632 872
207705,20150624_SSLC0013_C.png,0,1520,859,1596,934,1.0,-1,Juv,1.0,(poly) 1593 934 1596 925 1589 919 1578 904 1584 892 1573 892 1575 883 1580 883 1560 877 1553 862 1542 859 1525 868 1520 878 1525 887 1533 898 1540 901 1545 912 1550 917 1567 926 1579 929 1586 933 1593 934
207706,20150624_SSLC0013_C.png,0,1513,941,1597,993,1.0,-1,Juv,1.0,(poly) 1514 987 1525 984 1534 980 1544 980 1557 980 1565 981 1563 988 1564 991 1567 993 1572 989 1579 981 1588 977 1595 970 1597 953 1595 941 1589 942 1583 948 1579 953 1557 956 1546 956 1530 968 1524 975 1523 975 1514 981 1513 983 1514 987
207707,20150624_SSLC0013_C.png,0,1597,949,1636,1022,1.0,-1,Juv,1.0,(poly) 1631 1022 1636 1018 1635 1010 1632 1005 1632 992 1629 979 1624 969 1619 961 1617 955 1602 949 1598 955 1597 962 1597 974 1603 977 1603 986 1610 991 1615 1004 1621 1011 1626 1020 1631 1022
207708,20150624_SSLC0013_C.png,0,1612,926,1654,1014,1.0,-1,Juv,1.0,(poly) 1619 931 1614 943 1612 952 1620 958 1626 969 1631 984 1635 996 1634 1005 1637 1012 1642 1014 1647 1004 1649 994 1652 985 1653 973 1652 963 1654 954 1647 956 1641 956 1635 945 1634 936 1631 931 1628 926 1619 931
207709,20150624_SSLC0013_C.png,0,1655,946,1693,1020,1.0,-1,Juv,1.0,(poly) 1674 1020 1677 1014 1677 1003 1680 993 1690 977 1693 967 1693 955 1687 948 1680 946 1674 948 1670 953 1671 957 1665 965 1657 976 1655 980 1655 998 1661 1007 1664 1014 1668 1020 1674 1020
207710,20150624_SSLC0013_C.png,0,1726,949,1805,996,1.0,-1,Juv,1.0,(poly) 1729 990 1726 988 1726 980 1729 974 1729 970 1731 962 1737 958 1742 953 1747 949 1749 953 1747 960 1753 962 1757 962 1761 962 1764 959 1770 959 1772 962 1780 963 1787 968 1792 977 1799 985 1805 991 1805 995 1802 996 1791 995 1781 991 1762 986 1751 983 1738 980 1735 980 1731 987 1729 990
207711,20150624_SSLC0013_C.png,0,1735,964,1862,1042,1.0,-1,Juv,1.0,(poly) 1738 980 1737 986 1735 992 1747 993 1755 998 1767 1006 1781 1016 1790 1023 1805 1025 1796 1030 1788 1034 1784 1038 1782 1042 1793 1040 1808 1033 1817 1031 1829 1031 1826 1026 1830 1023 1839 1019 1855 1011 1859 1009 1862 1003 1862 998 1854 995 1843 996 1836 999 1821 995 1820 991 1820 978 1816 968 1813 964 1810 966 1808 977 1809 991 1806 994 1803 996 1792 995 1779 991 1768 987 1747 982 1738 980
207712,20150624_SSLC0013_C.png,0,1827,1011,1885,1062,1.0,-1,Juv,1.0,(poly) 1882 1062 1885 1061 1884 1056 1881 1048 1870 1033 1862 1024 1854 1016 1857 1011 1848 1014 1835 1019 1830 1025 1827 1027 1827 1030 1833 1030 1835 1033 1836 1037 1843 1043 1847 1049 1853 1054 1858 1056 1866 1059 1873 1060 1882 1062
207713,20150624_SSLC0013_C.png,0,1826,1049,1887,1100,1.0,-1,Juv,1.0,(poly) 1887 1095 1882 1088 1875 1086 1872 1078 1869 1067 1867 1058 1863 1061 1859 1058 1851 1051 1840 1049 1837 1051 1829 1059 1826 1063 1832 1067 1837 1069 1839 1070 1842 1077 1845 1082 1847 1085 1851 1089 1861 1095 1869 1100 1886 1100 1887 1095
207714,20150624_SSLC0013_C.png,0,1778,1027,1845,1085,1.0,-1,Juv,1.0,(poly) 1835 1085 1842 1084 1845 1081 1843 1077 1838 1073 1835 1073 1827 1064 1824 1060 1814 1053 1811 1047 1806 1044 1796 1041 1791 1041 1781 1042 1785 1035 1790 1033 1789 1029 1785 1027 1783 1027 1778 1032 1782 1034 1778 1042 1778 1052 1784 1060 1791 1064 1804 1067 1806 1075 1808 1078 1820 1082 1822 1074 1822 1072 1827 1075 1831 1080 1835 1085
207715,20150624_SSLC0013_C.png,0,1662,1020,1743,1084,1.0,-1,Juv,1.0,(poly) 1668 1063 1662 1065 1666 1071 1675 1075 1681 1080 1696 1084 1704 1081 1716 1076 1722 1070 1727 1074 1728 1079 1733 1084 1734 1080 1733 1067 1733 1065 1738 1060 1736 1057 1735 1041 1739 1034 1742 1026 1743 1023 1741 1020 1736 1020 1728 1026 1724 1032 1717 1040 1707 1049 1698 1059 1694 1058 1681 1058 1675 1062 1668 1063
207716,20150624_SSLC0013_C.png,0,1632,1009,1690,1058,1.0,-1,Juv,1.0,(poly) 1655 1058 1649 1058 1640 1053 1636 1044 1634 1037 1632 1029 1632 1020 1638 1014 1653 1009 1662 1010 1665 1015 1667 1020 1671 1021 1676 1018 1677 1014 1680 1015 1686 1019 1690 1025 1690 1028 1689 1029 1687 1032 1678 1033 1666 1032 1657 1034 1654 1037 1653 1043 1659 1047 1660 1051 1655 1058
207717,20150624_SSLC0013_C.png,0,1575,978,1628,1052,1.0,-1,Juv,1.0,(poly) 1621 1052 1623 1051 1625 1039 1628 1024 1623 1014 1614 1004 1606 988 1598 982 1594 978 1580 981 1575 989 1575 992 1578 1001 1580 1007 1583 1018 1590 1019 1597 1025 1599 1031 1608 1040 1614 1049 1618 1052 1621 1052
207718,20150624_SSLC0013_C.png,0,1542,980,1597,1031,1.0,-1,Juv,1.0,(poly) 1542 993 1542 991 1546 984 1549 980 1559 980 1563 982 1565 988 1567 996 1570 1002 1575 995 1577 997 1579 1008 1581 1013 1582 1017 1584 1020 1590 1021 1594 1023 1597 1027 1597 1030 1590 1031 1579 1031 1568 1031 1564 1029 1560 1024 1552 1020 1548 1017 1547 1012 1548 1009 1545 1000 1545 993 1542 993
207719,20150624_SSLC0013_C.png,0,1537,1027,1643,1085,1.0,-1,Juv,1.0,(poly) 1602 1080 1607 1081 1622 1084 1631 1085 1642 1081 1643 1074 1629 1062 1623 1051 1614 1052 1609 1040 1600 1032 1571 1031 1563 1033 1556 1034 1547 1031 1539 1027 1537 1030 1543 1038 1551 1041 1547 1044 1540 1049 1540 1053 1547 1051 1556 1050 1564 1052 1569 1055 1574 1064 1579 1060 1581 1053 1588 1042 1596 1041 1598 1043 1600 1054 1599 1061 1604 1072 1602 1080
207720,20150624_SSLC0013_C.png,0,1497,1041,1603,1118,1.0,-1,Juv,1.0,(poly) 1519 1102 1512 1107 1498 1110 1497 1116 1513 1118 1530 1113 1530 1096 1535 1089 1545 1096 1549 1107 1552 1113 1565 1109 1573 1101 1580 1099 1583 1108 1586 1112 1594 1111 1599 1108 1592 1096 1595 1089 1602 1084 1603 1072 1599 1062 1599 1054 1599 1045 1595 1041 1587 1044 1581 1056 1580 1062 1573 1064 1568 1055 1566 1056 1561 1064 1563 1070 1564 1073 1547 1082 1536 1087 1524 1094 1519 1102
207721,20150624_SSLC0013_C.png,0,1484,1045,1564,1090,1.0,-1,Juv,1.0,(poly) 1504 1090 1507 1090 1508 1086 1503 1081 1507 1079 1518 1079 1520 1083 1532 1081 1544 1074 1555 1066 1563 1059 1564 1053 1559 1051 1549 1052 1535 1055 1526 1052 1515 1054 1510 1052 1494 1054 1490 1057 1487 1045 1484 1052 1484 1064 1486 1072 1488 1076 1494 1083 1504 1090
207722,20150624_SSLC0013_C.png,0,1358,1079,1442,1135,1.0,-1,Juv,1.0,(poly) 1358 1095 1360 1119 1365 1123 1372 1115 1369 1107 1379 1110 1387 1113 1400 1118 1401 1119 1403 1133 1407 1135 1412 1133 1412 1127 1418 1125 1430 1119 1440 1113 1442 1106 1441 1100 1434 1096 1427 1097 1418 1093 1414 1085 1406 1081 1399 1086 1392 1079 1383 1081 1366 1080 1360 1085 1358 1095
207723,20150624_SSLC0013_C.png,0,1415,1101,1494,1141,1.0,-1,Juv,1.0,(poly) 1419 1138 1415 1135 1415 1129 1424 1122 1436 1118 1443 1101 1453 1103 1465 1103 1472 1103 1480 1105 1486 1111 1493 1113 1494 1118 1491 1123 1485 1125 1482 1124 1478 1127 1469 1129 1468 1128 1450 1141 1443 1138 1447 1132 1456 1124 1445 1125 1429 1124 1424 1130 1419 1138
207724,20150624_SSLC0013_C.png,0,1446,1146,1542,1221,1.0,-1,Juv,1.0,(poly) 1446 1200 1460 1193 1476 1192 1494 1192 1505 1192 1509 1193 1507 1199 1508 1207 1507 1218 1511 1221 1517 1214 1519 1207 1521 1193 1524 1192 1531 1184 1536 1178 1542 1146 1522 1163 1512 1165 1482 1162 1474 1171 1446 1200
207725,20150624_SSLC0013_C.png,0,1429,1124,1482,1185,1.0,-1,Juv,1.0,(poly) 1431 1124 1429 1129 1430 1136 1433 1141 1434 1145 1438 1153 1449 1156 1454 1163 1457 1168 1454 1174 1454 1180 1454 1185 1460 1184 1465 1177 1471 1173 1479 1168 1482 1148 1480 1141 1478 1134 1478 1130 1477 1128 1471 1130 1466 1129 1460 1134 1448 1142 1443 1141 1445 1135 1454 1127 1456 1124 1445 1125 1431 1124
207726,20150624_SSLC0013_C.png,0,1496,1092,1564,1164,1.0,-1,Juv,1.0,(poly) 1500 1164 1500 1161 1498 1156 1496 1148 1498 1141 1502 1138 1504 1144 1506 1149 1511 1140 1519 1127 1525 1116 1531 1112 1531 1099 1532 1094 1535 1092 1540 1095 1546 1099 1549 1109 1553 1115 1555 1120 1552 1125 1560 1124 1564 1128 1561 1131 1549 1134 1542 1139 1537 1145 1531 1151 1525 1159 1519 1163 1510 1164 1500 1164
207727,20150624_SSLC0013_C.png,0,1540,1130,1584,1215,1.0,-1,Juv,1.0,(poly) 1551 1213 1555 1215 1559 1211 1559 1198 1559 1194 1558 1186 1564 1163 1567 1154 1576 1154 1583 1149 1584 1141 1577 1130 1559 1131 1546 1136 1543 1146 1540 1163 1540 1173 1541 1186 1544 1191 1542 1201 1541 1206 1548 1210 1551 1213
207728,20150624_SSLC0013_C.png,0,1579,1109,1623,1178,1.0,-1,Juv,1.0,(poly) 1590 1178 1596 1169 1601 1159 1610 1152 1615 1144 1616 1136 1620 1129 1622 1123 1623 1114 1623 1110 1617 1109 1614 1112 1607 1121 1598 1129 1591 1136 1586 1143 1581 1156 1579 1167 1581 1171 1586 1178 1590 1178
207729,20150624_SSLC0013_C.png,0,1624,1073,1702,1119,1.0,-1,Juv,1.0,(poly) 1625 1114 1631 1111 1637 1103 1642 1099 1650 1108 1658 1109 1670 1111 1677 1113 1684 1117 1692 1119 1700 1118 1702 1113 1700 1107 1693 1101 1682 1085 1676 1077 1668 1073 1669 1078 1666 1080 1655 1077 1645 1076 1634 1082 1629 1090 1626 1098 1624 1102 1625 1114
207730,20150624_SSLC0013_C.png,0,1700,1076,1743,1145,1.0,-1,Juv,1.0,(poly) 1738 1145 1741 1140 1741 1133 1743 1122 1742 1116 1736 1105 1734 1092 1736 1087 1733 1088 1726 1087 1721 1080 1717 1076 1705 1081 1704 1082 1700 1092 1703 1100 1706 1109 1710 1112 1713 1114 1717 1125 1719 1129 1723 1136 1726 1141 1738 1145
207731,20150624_SSLC0013_C.png,0,1626,1109,1716,1157,1.0,-1,Juv,1.0,(poly) 1626 1115 1626 1118 1628 1122 1649 1123 1656 1129 1658 1140 1665 1148 1673 1157 1687 1157 1705 1155 1714 1139 1716 1129 1716 1123 1713 1115 1711 1114 1707 1120 1706 1125 1699 1129 1689 1121 1675 1114 1660 1111 1646 1109 1626 1115
207732,20150624_SSLC0013_C.png,0,1575,1124,1670,1212,1.0,-1,Juv,1.0,(poly) 1588 1212 1593 1207 1598 1198 1604 1190 1615 1185 1625 1178 1633 1175 1636 1175 1639 1182 1642 1190 1647 1194 1653 1197 1653 1191 1649 1181 1647 1173 1648 1168 1653 1166 1656 1168 1661 1173 1665 1177 1669 1172 1670 1164 1666 1149 1654 1139 1645 1137 1636 1130 1635 1124 1628 1124 1620 1126 1626 1134 1624 1143 1613 1148 1606 1155 1599 1165 1591 1178 1585 1177 1581 1171 1575 1172 1578 1180 1585 1187 1588 1194 1586 1202 1585 1206 1588 1212
207733,20150624_SSLC0013_C.png,0,1668,1146,1740,1207,1.0,-1,Juv,1.0,(poly) 1679 1185 1671 1178 1668 1170 1672 1165 1670 1160 1672 1158 1678 1157 1686 1158 1696 1159 1708 1158 1719 1157 1714 1148 1718 1146 1733 1157 1734 1164 1733 1175 1736 1189 1740 1199 1738 1204 1738 1206 1737 1207 1734 1207 1730 1207 1727 1205 1718 1194 1710 1189 1690 1188 1679 1185
207734,20150624_SSLC0013_C.png,0,1741,1124,1781,1184,1.0,-1,Juv,1.0,(poly) 1777 1184 1781 1181 1781 1174 1779 1166 1763 1151 1763 1145 1760 1139 1755 1137 1751 1129 1746 1124 1742 1128 1741 1137 1743 1146 1746 1159 1754 1172 1760 1178 1765 1184 1770 1184 1777 1184
207735,20150624_SSLC0013_C.png,0,1760,1124,1821,1162,1.0,-1,Juv,1.0,(poly) 1790 1162 1798 1159 1806 1157 1810 1157 1818 1157 1821 1156 1820 1149 1818 1145 1810 1138 1798 1135 1786 1133 1782 1139 1776 1139 1771 1136 1770 1129 1767 1124 1760 1138 1763 1145 1766 1155 1772 1159 1776 1162 1790 1162
207736,20150624_SSLC0013_C.png,0,1755,1084,1824,1129,1.0,-1,Juv,1.0,(poly) 1787 1126 1795 1128 1811 1129 1822 1129 1824 1127 1818 1114 1812 1110 1804 1103 1794 1094 1782 1091 1771 1084 1760 1090 1755 1096 1758 1103 1757 1110 1758 1118 1765 1122 1778 1122 1787 1126
207737,20150624_SSLC0013_C.png,0,1776,1076,1848,1148,1.0,-1,Juv,1.0,(poly) 1840 1147 1848 1148 1848 1138 1838 1119 1827 1108 1817 1102 1816 1100 1825 1101 1835 1108 1838 1106 1830 1090 1814 1079 1802 1076 1785 1082 1776 1085 1779 1088 1801 1096 1805 1105 1816 1113 1822 1122 1824 1126 1826 1130 1834 1134 1838 1140 1840 1145 1840 1147
207738,20150624_SSLC0013_C.png,0,1822,1077,1898,1134,1.0,-1,Juv,1.0,(poly) 1892 1134 1898 1126 1896 1122 1887 1121 1882 1121 1879 1119 1876 1114 1876 1109 1873 1100 1864 1099 1850 1088 1844 1084 1835 1086 1828 1078 1823 1077 1822 1083 1828 1089 1834 1097 1837 1104 1838 1108 1844 1112 1853 1122 1857 1127 1871 1131 1880 1134 1892 1134
207739,20150624_SSLC0013_C.png,0,1769,1124,1840,1155,1.0,-1,Juv,1.0,(poly) 1771 1124 1769 1129 1771 1135 1772 1137 1779 1139 1789 1134 1801 1137 1811 1141 1819 1145 1820 1151 1821 1154 1835 1155 1840 1150 1839 1143 1833 1133 1823 1128 1817 1128 1801 1132 1790 1131 1785 1127 1771 1124
207740,20150624_SSLC0013_C.png,0,1815,1096,1902,1171,1.0,-1,Juv,1.0,(poly) 1894 1171 1899 1164 1900 1155 1900 1144 1897 1136 1900 1119 1902 1112 1900 1110 1891 1120 1892 1123 1897 1121 1898 1123 1897 1128 1892 1134 1876 1134 1855 1127 1841 1111 1833 1106 1819 1096 1815 1100 1822 1104 1829 1112 1836 1118 1841 1127 1845 1134 1848 1141 1851 1149 1858 1154 1864 1156 1869 1160 1874 1165 1881 1169 1888 1171 1894 1171
207741,20150624_SSLC0013_C.png,0,1810,1155,1885,1179,1.0,-1,Juv,1.0,(poly) 1874 1178 1885 1174 1884 1169 1867 1160 1854 1155 1832 1158 1818 1164 1812 1167 1810 1172 1811 1179 1824 1179 1843 1176 1855 1174 1864 1172 1869 1177 1874 1178
207742,20150624_SSLC0013_C.png,0,1784,1155,1836,1183,1.0,-1,Juv,1.0,(poly) 1789 1181 1786 1177 1784 1173 1787 1166 1795 1162 1801 1159 1812 1157 1834 1155 1836 1156 1825 1161 1813 1166 1809 1176 1809 1178 1802 1182 1796 1183 1789 1181
207743,20150624_SSLC0013_C.png,0,1799,1173,1868,1201,1.0,-1,Juv,1.0,(poly) 1800 1192 1802 1194 1815 1199 1824 1200 1830 1201 1851 1188 1844 1177 1843 1177 1848 1173 1860 1179 1862 1181 1868 1177 1862 1174 1856 1173 1851 1174 1844 1176 1837 1177 1817 1178 1806 1180 1799 1187 1800 1192
207744,20150624_SSLC0013_C.png,0,1800,1173,1911,1232,1.0,-1,Juv,1.0,(poly) 1822 1212 1827 1216 1840 1232 1841 1218 1853 1217 1868 1207 1882 1200 1890 1197 1905 1191 1908 1189 1911 1184 1908 1181 1895 1177 1878 1178 1870 1178 1862 1181 1857 1177 1848 1173 1843 1177 1853 1187 1835 1197 1828 1201 1803 1196 1800 1200 1822 1212
207745,20150624_SSLC0013_C.png,0,1852,1191,1926,1233,1.0,-1,Juv,1.0,(poly) 1867 1231 1883 1233 1901 1221 1906 1214 1914 1211 1923 1209 1926 1204 1923 1198 1915 1194 1900 1191 1882 1199 1869 1206 1857 1213 1852 1216 1856 1225 1867 1231
207746,20150624_SSLC0013_C.png,0,1866,1225,1967,1261,1.0,-1,Juv,1.0,(poly) 1867 1239 1872 1251 1881 1256 1895 1259 1917 1255 1934 1253 1945 1254 1952 1257 1956 1261 1963 1259 1967 1248 1960 1241 1943 1234 1928 1227 1913 1225 1893 1231 1879 1232 1866 1229 1867 1239
207747,20150624_SSLC0013_C.png,0,1781,1194,1846,1280,1.0,-1,Juv,1.0,(poly) 1825 1280 1833 1273 1838 1259 1844 1244 1846 1239 1840 1219 1837 1222 1836 1227 1832 1223 1820 1213 1807 1208 1800 1206 1792 1206 1804 1197 1800 1194 1790 1199 1782 1205 1781 1209 1781 1228 1789 1238 1798 1241 1805 1241 1814 1252 1817 1260 1815 1267 1817 1275 1825 1280
207748,20150624_SSLC0013_C.png,0,1722,1142,1800,1258,1.0,-1,Juv,1.0,(poly) 1780 1258 1786 1255 1785 1243 1782 1230 1781 1212 1781 1207 1789 1203 1797 1194 1800 1190 1799 1185 1787 1189 1775 1197 1770 1193 1763 1183 1752 1169 1747 1164 1743 1153 1742 1144 1736 1142 1724 1142 1722 1148 1727 1155 1732 1160 1732 1176 1736 1187 1740 1199 1744 1212 1748 1218 1737 1225 1730 1230 1726 1232 1727 1237 1731 1237 1741 1236 1749 1232 1753 1231 1759 1233 1764 1237 1765 1244 1769 1253 1780 1258
207749,20150624_SSLC0013_C.png,0,1614,1180,1685,1226,1.0,-1,Juv,1.0,(poly) 1614 1187 1614 1193 1616 1200 1622 1205 1633 1211 1638 1218 1650 1225 1669 1226 1679 1224 1685 1216 1684 1212 1674 1210 1669 1206 1660 1202 1654 1195 1652 1197 1642 1192 1639 1185 1636 1184 1629 1183 1623 1180 1614 1187
207750,20150624_SSLC0013_C.png,0,1562,1210,1629,1280,1.0,-1,Juv,1.0,(poly) 1583 1260 1579 1254 1572 1246 1570 1236 1566 1223 1562 1221 1562 1214 1568 1210 1573 1217 1577 1221 1588 1229 1597 1239 1610 1253 1616 1260 1621 1270 1629 1280 1617 1272 1603 1265 1597 1264 1593 1251 1589 1245 1587 1242 1582 1243 1584 1249 1585 1255 1585 1262 1583 1260
207751,20150624_SSLC0013_C.png,0,1564,1201,1634,1278,1.0,-1,Juv,1.0,(poly) 1629 1278 1632 1278 1634 1272 1634 1252 1630 1235 1628 1225 1626 1216 1621 1210 1609 1207 1602 1207 1596 1204 1593 1207 1589 1212 1585 1211 1583 1206 1585 1201 1577 1202 1572 1204 1569 1202 1564 1209 1569 1212 1573 1215 1579 1222 1588 1229 1601 1243 1615 1259 1620 1270 1629 1278
207752,20150624_SSLC0013_C.png,0,1436,1182,1553,1238,1.0,-1,Juv,1.0,(poly) 1458 1185 1440 1182 1440 1184 1436 1186 1436 1189 1442 1199 1448 1201 1460 1207 1469 1215 1489 1219 1499 1223 1493 1229 1488 1234 1490 1238 1496 1236 1504 1232 1513 1225 1526 1220 1537 1219 1553 1217 1548 1211 1540 1205 1529 1203 1522 1197 1520 1209 1517 1218 1510 1221 1505 1214 1507 1200 1508 1195 1493 1193 1468 1194 1455 1196 1448 1200 1446 1200 1457 1189 1458 1185
207753,20150624_SSLC0013_C.png,0,1421,1182,1509,1254,1.0,-1,Juv,1.0,(poly) 1435 1228 1427 1222 1425 1214 1424 1208 1425 1200 1421 1188 1422 1182 1428 1187 1432 1195 1437 1199 1449 1201 1460 1209 1468 1216 1482 1224 1491 1230 1488 1235 1492 1237 1498 1236 1507 1241 1509 1244 1500 1253 1497 1254 1495 1254 1483 1254 1471 1252 1458 1246 1451 1239 1441 1233 1435 1228
207754,20150624_SSLC0013_C.png,0,1408,1222,1470,1294,1.0,-1,Juv,1.0,(poly) 1452 1290 1464 1278 1470 1265 1470 1262 1461 1266 1456 1268 1451 1256 1446 1248 1438 1241 1424 1237 1423 1226 1423 1222 1418 1226 1417 1232 1414 1233 1408 1234 1408 1238 1414 1246 1421 1249 1428 1262 1431 1268 1433 1274 1426 1272 1420 1272 1418 1274 1418 1281 1428 1293 1439 1294 1452 1290
207755,20150624_SSLC0013_C.png,0,1396,1273,1448,1355,1.0,-1,Juv,1.0,(poly) 1435 1355 1440 1346 1446 1330 1448 1316 1446 1305 1445 1296 1441 1290 1437 1296 1423 1279 1431 1280 1436 1277 1433 1274 1418 1273 1408 1282 1405 1295 1413 1312 1396 1308 1408 1321 1418 1328 1422 1333 1424 1350 1435 1355
207756,20150624_SSLC0013_C.png,0,1372,1340,1445,1410,1.0,-1,Juv,1.0,(poly) 1378 1410 1372 1403 1374 1396 1382 1390 1392 1375 1394 1365 1401 1351 1414 1346 1420 1346 1416 1343 1421 1340 1436 1344 1442 1352 1445 1353 1444 1365 1440 1369 1434 1366 1435 1358 1426 1371 1426 1370 1431 1370 1437 1370 1438 1370 1440 1371 1426 1383 1411 1396 1400 1401 1390 1403 1378 1410
207757,20150624_SSLC0013_C.png,0,1439,1234,1521,1328,1.0,-1,Juv,1.0,(poly) 1481 1328 1489 1328 1504 1321 1513 1312 1516 1294 1513 1281 1511 1276 1520 1266 1521 1262 1516 1257 1507 1263 1495 1267 1487 1257 1478 1254 1463 1248 1445 1234 1442 1236 1439 1239 1445 1248 1452 1258 1456 1267 1469 1262 1474 1263 1466 1276 1467 1281 1477 1291 1480 1298 1471 1307 1459 1319 1461 1325 1466 1326 1478 1318 1483 1316 1480 1324 1481 1328
207758,20150624_SSLC0013_C.png,0,1548,1239,1639,1293,1.0,-1,Juv,1.0,(poly) 1625 1293 1635 1293 1639 1291 1638 1283 1624 1277 1618 1273 1604 1265 1596 1264 1592 1249 1587 1242 1581 1243 1582 1245 1585 1255 1586 1262 1576 1259 1569 1260 1569 1252 1570 1245 1570 1242 1568 1239 1565 1246 1563 1253 1560 1261 1559 1265 1553 1267 1551 1267 1548 1271 1552 1274 1558 1280 1568 1283 1572 1289 1591 1292 1612 1292 1625 1293
207759,20150624_SSLC0013_C.png,0,1512,1247,1599,1333,1.0,-1,Juv,1.0,(poly) 1526 1326 1539 1327 1550 1324 1559 1320 1570 1319 1576 1323 1585 1330 1595 1333 1599 1330 1598 1320 1590 1310 1581 1297 1574 1292 1567 1283 1558 1279 1546 1270 1540 1265 1533 1258 1535 1248 1532 1247 1524 1253 1521 1257 1512 1257 1513 1261 1523 1266 1523 1279 1528 1293 1537 1302 1547 1309 1540 1314 1527 1319 1526 1326
207760,20150624_SSLC0013_C.png,0,1631,1287,1708,1341,1.0,-1,Juv,1.0,(poly) 1678 1338 1693 1341 1699 1335 1705 1327 1708 1318 1702 1311 1694 1314 1682 1316 1675 1308 1663 1299 1655 1295 1646 1287 1639 1287 1635 1294 1631 1301 1646 1306 1658 1313 1668 1324 1675 1336 1678 1338
207761,20150624_SSLC0013_C.png,0,1632,1304,1703,1390,1.0,-1,Juv,1.0,(poly) 1702 1389 1694 1390 1685 1388 1665 1370 1654 1362 1636 1347 1632 1333 1632 1322 1632 1315 1635 1311 1634 1304 1652 1310 1653 1322 1657 1327 1664 1321 1671 1333 1673 1340 1684 1349 1692 1363 1698 1377 1703 1382 1702 1389
207762,20150624_SSLC0013_C.png,0,1722,1322,1776,1387,1.0,-1,Juv,1.0,(poly) 1722 1332 1722 1326 1722 1322 1729 1325 1735 1330 1739 1332 1740 1325 1745 1326 1752 1334 1759 1341 1763 1347 1768 1356 1774 1372 1776 1381 1772 1387 1762 1386 1754 1379 1734 1358 1724 1347 1722 1332
207763,20150624_SSLC0013_C.png,0,1628,1213,1732,1305,1.0,-1,Juv,1.0,(poly) 1676 1305 1683 1300 1691 1290 1696 1284 1708 1282 1722 1290 1731 1294 1732 1280 1726 1267 1711 1251 1710 1241 1716 1224 1708 1213 1700 1223 1698 1239 1690 1245 1671 1236 1660 1236 1653 1236 1646 1233 1632 1225 1628 1224 1630 1234 1631 1240 1667 1267 1682 1277 1675 1295 1676 1305
207764,20150624_SSLC0013_C.png,0,1751,1284,1803,1351,1.0,-1,Juv,1.0,(poly) 1795 1351 1803 1348 1803 1338 1799 1325 1794 1312 1791 1304 1787 1295 1780 1290 1774 1293 1762 1284 1754 1287 1751 1297 1755 1311 1764 1318 1774 1326 1770 1327 1771 1332 1779 1335 1783 1337 1787 1344 1795 1351
207765,20150624_SSLC0013_C.png,0,1754,1261,1817,1334,1.0,-1,Juv,1.0,(poly) 1803 1334 1812 1324 1815 1317 1817 1300 1816 1293 1813 1283 1810 1276 1809 1270 1804 1266 1795 1265 1790 1266 1781 1268 1767 1271 1764 1268 1762 1261 1756 1261 1754 1274 1754 1282 1762 1285 1771 1286 1777 1288 1788 1299 1793 1306 1797 1311 1796 1321 1796 1329 1803 1334
207766,20150624_SSLC0013_C.png,0,1918,1242,1997,1350,1.0,-1,Juv,1.0,(poly) 1959 1253 1961 1260 1954 1271 1946 1282 1941 1288 1936 1280 1932 1276 1927 1283 1930 1299 1929 1307 1924 1328 1919 1336 1919 1346 1918 1350 1929 1350 1938 1343 1953 1330 1959 1321 1965 1321 1979 1322 1990 1319 1997 1315 1993 1313 1976 1309 1968 1305 1980 1292 1979 1271 1980 1262 1986 1250 1988 1242 1980 1242 1976 1249 1975 1255 1971 1259 1966 1248 1966 1243 1961 1245 1958 1250 1959 1253
207767,20150624_SSLC0013_C.png,0,1978,1221,2052,1276,1.0,-1,Juv,1.0,(poly) 2006 1274 2019 1276 2027 1274 2035 1267 2044 1250 2047 1242 2050 1232 2052 1226 2040 1221 2028 1222 2022 1232 2021 1242 2010 1250 2003 1254 1991 1258 1984 1253 1978 1262 1980 1268 2006 1274
207768,20150624_SSLC0013_C.png,0,2036,1246,2083,1335,1.0,-1,Juv,1.0,(poly) 2072 1335 2075 1320 2077 1302 2083 1296 2080 1290 2069 1268 2061 1256 2049 1246 2040 1246 2036 1257 2038 1268 2042 1284 2050 1304 2057 1311 2060 1324 2064 1334 2072 1335
207769,20150624_SSLC0013_C.png,0,2138,1257,2203,1344,1.0,-1,Juv,1.0,(poly) 2187 1338 2179 1317 2172 1318 2163 1308 2161 1303 2154 1291 2146 1280 2140 1267 2139 1260 2138 1258 2147 1257 2155 1262 2161 1268 2173 1275 2179 1274 2185 1280 2189 1288 2198 1299 2201 1305 2203 1327 2203 1341 2195 1344 2187 1338
207770,20150624_SSLC0013_C.png,0,2067,1311,2130,1382,1.0,-1,Juv,1.0,(poly) 2072 1382 2079 1378 2087 1373 2093 1371 2096 1365 2107 1353 2120 1343 2127 1338 2130 1330 2127 1321 2121 1315 2114 1311 2102 1317 2098 1322 2089 1331 2085 1338 2081 1345 2081 1354 2074 1363 2069 1368 2067 1371 2072 1382
207771,20150624_SSLC0013_C.png,0,1993,1304,2073,1399,1.0,-1,Juv,1.0,(poly) 2007 1306 2009 1315 2011 1322 2012 1333 2000 1326 1993 1330 2003 1335 2012 1342 2016 1346 2025 1357 2033 1365 2047 1380 2057 1389 2056 1395 2058 1399 2070 1387 2073 1380 2065 1367 2058 1354 2059 1348 2055 1343 2045 1329 2034 1323 2028 1315 2025 1311 2019 1306 2010 1304 2007 1306
207772,20150624_SSLC0013_C.png,0,1942,1360,2038,1406,1.0,-1,Juv,1.0,(poly) 2003 1406 2011 1403 2021 1402 2034 1398 2038 1394 2033 1389 2018 1385 1993 1376 1983 1370 1966 1366 1955 1364 1951 1360 1942 1362 1946 1369 1950 1387 1952 1392 1955 1395 1974 1402 1987 1403 2003 1406
207774,20150624_SSLC0013_C.png,0,1945,1393,2029,1430,1.0,-1,Juv,1.0,(poly) 1998 1430 2008 1426 2019 1424 2028 1415 2029 1410 2025 1407 2013 1407 2003 1407 1991 1403 1977 1403 1966 1401 1956 1398 1949 1395 1945 1393 1945 1400 1945 1409 1950 1417 1958 1421 1971 1426 1982 1430 1998 1430
207775,20150624_SSLC0013_C.png,0,1890,1389,1951,1462,1.0,-1,Juv,1.0,(poly) 1892 1448 1890 1435 1896 1428 1901 1421 1916 1416 1922 1413 1926 1407 1924 1399 1923 1391 1929 1389 1939 1397 1945 1403 1951 1415 1950 1426 1945 1438 1945 1448 1938 1456 1928 1462 1929 1453 1929 1449 1914 1452 1892 1448
207776,20150624_SSLC0013_C.png,0,1901,1360,1949,1418,1.0,-1,Juv,1.0,(poly) 1910 1418 1901 1414 1910 1397 1921 1391 1929 1384 1930 1377 1932 1367 1937 1360 1942 1362 1948 1375 1949 1388 1940 1396 1924 1413 1910 1418
207777,20150624_SSLC0013_C.png,0,1886,1324,1944,1397,1.0,-1,Juv,1.0,(poly) 1897 1397 1888 1394 1886 1386 1889 1370 1891 1359 1892 1349 1891 1336 1894 1326 1899 1324 1900 1331 1902 1340 1915 1330 1920 1324 1925 1324 1918 1337 1917 1350 1929 1351 1931 1353 1944 1350 1938 1357 1928 1364 1920 1365 1914 1375 1907 1386 1897 1397
207778,20150624_SSLC0013_C.png,0,1948,1420,1987,1503,1.0,-1,Juv,1.0,(poly) 1977 1503 1985 1502 1987 1489 1985 1471 1983 1452 1983 1438 1977 1428 1963 1423 1954 1420 1949 1420 1948 1436 1954 1451 1955 1465 1954 1474 1970 1488 1972 1499 1977 1503
207779,20150624_SSLC0013_C.png,0,2031,1425,2092,1465,1.0,-1,Juv,1.0,(poly) 2041 1461 2040 1465 2037 1462 2031 1446 2041 1446 2050 1446 2058 1438 2068 1429 2075 1425 2085 1425 2091 1430 2092 1438 2090 1447 2088 1454 2083 1455 2073 1452 2060 1455 2051 1460 2041 1461
207780,20150624_SSLC0013_C.png,0,2031,1453,2108,1510,1.0,-1,Juv,1.0,(poly) 2076 1500 2088 1510 2103 1507 2108 1499 2106 1488 2096 1464 2080 1454 2068 1453 2049 1461 2040 1465 2032 1470 2031 1477 2042 1480 2051 1474 2058 1475 2068 1487 2076 1500
207781,20150624_SSLC0013_C.png,0,2106,1400,2150,1458,1.0,-1,Juv,1.0,(poly) 2115 1458 2130 1454 2136 1445 2140 1427 2142 1419 2146 1422 2150 1414 2142 1406 2131 1402 2122 1400 2114 1401 2118 1405 2120 1408 2113 1422 2110 1431 2107 1441 2106 1449 2107 1454 2115 1458
207782,20150624_SSLC0013_C.png,0,1772,1346,1877,1399,1.0,-1,Juv,1.0,(poly) 1822 1385 1818 1393 1826 1399 1836 1391 1848 1384 1863 1378 1870 1365 1877 1358 1875 1350 1866 1346 1855 1356 1842 1356 1813 1357 1797 1358 1779 1365 1772 1370 1781 1374 1795 1373 1801 1379 1809 1381 1822 1385
207783,20150624_SSLC0013_C.png,0,1752,1411,1835,1452,1.0,-1,Juv,1.0,(poly) 1761 1452 1764 1449 1769 1442 1778 1445 1788 1445 1797 1447 1806 1443 1812 1438 1819 1435 1832 1436 1835 1426 1825 1416 1814 1414 1800 1414 1790 1411 1778 1417 1766 1424 1752 1436 1752 1451 1761 1452
207784,20150624_SSLC0013_C.png,0,1538,1323,1620,1379,1.0,-1,Juv,1.0,(poly) 1545 1338 1538 1334 1541 1330 1552 1324 1569 1323 1575 1327 1574 1330 1581 1333 1593 1340 1596 1340 1600 1336 1602 1329 1606 1323 1609 1325 1610 1331 1611 1341 1615 1350 1618 1358 1620 1364 1619 1370 1617 1375 1612 1377 1608 1372 1598 1371 1594 1373 1587 1379 1580 1379 1586 1372 1593 1368 1595 1359 1590 1355 1577 1359 1573 1354 1562 1348 1557 1341 1545 1338
207785,20150624_SSLC0013_C.png,0,1509,1359,1571,1422,1.0,-1,Juv,1.0,(poly) 1564 1422 1569 1419 1571 1414 1569 1411 1561 1409 1557 1406 1556 1399 1554 1391 1556 1387 1552 1383 1538 1371 1535 1364 1528 1359 1514 1364 1514 1370 1518 1378 1522 1388 1524 1400 1514 1402 1510 1403 1509 1406 1514 1411 1524 1413 1529 1412 1534 1416 1546 1421 1559 1422 1564 1422
207786,20150624_SSLC0013_C.png,0,1470,1435,1557,1471,1.0,-1,Juv,1.0,(poly) 1535 1471 1547 1463 1554 1458 1557 1452 1556 1447 1545 1449 1524 1446 1519 1439 1510 1437 1498 1435 1481 1437 1473 1442 1470 1445 1486 1454 1504 1460 1505 1465 1519 1470 1535 1471
207787,20150624_SSLC0013_C.png,0,1452,1374,1503,1411,1.0,-1,Juv,1.0,(poly) 1453 1408 1460 1409 1467 1409 1473 1405 1480 1406 1490 1410 1497 1411 1502 1411 1502 1407 1500 1401 1494 1394 1495 1389 1503 1387 1502 1382 1491 1382 1484 1378 1482 1374 1471 1374 1460 1376 1455 1385 1453 1391 1455 1397 1456 1400 1452 1404 1453 1408
207788,20150624_SSLC0013_C.png,0,1409,1410,1494,1452,1.0,-1,Juv,1.0,(poly) 1409 1445 1411 1447 1418 1443 1426 1437 1443 1438 1445 1442 1438 1449 1442 1452 1455 1444 1471 1445 1478 1441 1487 1438 1492 1433 1494 1426 1490 1421 1484 1418 1467 1415 1449 1410 1423 1418 1414 1415 1417 1423 1418 1431 1409 1445
207789,20150624_SSLC0013_C.png,0,1422,1440,1503,1471,1.0,-1,Juv,1.0,(poly) 1424 1450 1422 1445 1422 1442 1427 1440 1444 1440 1442 1445 1437 1450 1440 1453 1446 1449 1454 1446 1469 1446 1477 1449 1487 1454 1496 1458 1503 1461 1502 1464 1495 1468 1486 1471 1472 1468 1460 1468 1448 1467 1438 1464 1432 1459 1424 1450
207790,20150624_SSLC0013_C.png,0,1475,1361,1525,1420,1.0,-1,Juv,1.0,(poly) 1478 1408 1475 1415 1476 1416 1482 1418 1488 1420 1497 1419 1505 1418 1511 1413 1513 1410 1509 1408 1508 1406 1509 1404 1518 1401 1525 1400 1520 1382 1514 1372 1513 1366 1508 1361 1502 1361 1500 1373 1504 1379 1506 1382 1503 1387 1498 1389 1496 1393 1501 1403 1503 1405 1502 1412 1498 1412 1486 1409 1478 1408
207791,20150624_SSLC0013_C.png,0,1513,1415,1597,1448,1.0,-1,Juv,1.0,(poly) 1515 1437 1513 1433 1514 1427 1515 1415 1519 1416 1521 1420 1529 1422 1543 1421 1550 1422 1564 1422 1568 1421 1576 1424 1578 1427 1582 1430 1589 1433 1592 1434 1596 1437 1597 1438 1595 1442 1590 1446 1576 1447 1557 1446 1545 1448 1524 1445 1520 1438 1515 1437
207792,20150624_SSLC0013_C.png,0,1574,1379,1665,1435,1.0,-1,Juv,1.0,(poly) 1621 1435 1645 1431 1660 1428 1665 1423 1664 1417 1651 1413 1636 1408 1628 1397 1622 1388 1613 1386 1606 1386 1594 1383 1583 1379 1574 1382 1574 1389 1584 1404 1591 1414 1584 1414 1585 1421 1594 1431 1611 1434 1621 1435
207793,20150624_SSLC0013_C.png,0,1647,1423,1739,1460,1.0,-1,Juv,1.0,(poly) 1695 1460 1712 1456 1726 1449 1734 1440 1737 1430 1739 1423 1730 1424 1720 1430 1695 1431 1675 1433 1662 1436 1649 1432 1650 1439 1647 1444 1659 1447 1674 1455 1695 1460
207795,20150624_SSLC0013_C.png,0,1606,1472,1713,1508,1.0,-1,Juv,1.0,(poly) 1706 1506 1713 1499 1712 1493 1703 1485 1678 1481 1658 1476 1647 1472 1645 1476 1648 1481 1624 1487 1613 1491 1606 1492 1612 1502 1632 1508 1706 1506
207796,20150624_SSLC0013_C.png,0,1629,1506,1715,1531,1.0,-1,Juv,1.0,(poly) 1693 1531 1712 1522 1715 1513 1709 1509 1690 1507 1677 1506 1667 1508 1641 1508 1629 1508 1632 1518 1641 1525 1693 1531
207797,20150624_SSLC0013_C.png,0,1626,1526,1710,1568,1.0,-1,Juv,1.0,(poly) 1651 1560 1669 1558 1680 1556 1686 1560 1694 1562 1701 1568 1708 1567 1710 1561 1704 1555 1700 1548 1692 1540 1683 1533 1666 1530 1657 1530 1649 1532 1641 1526 1634 1529 1626 1530 1626 1539 1634 1552 1651 1560
207798,20150624_SSLC0013_C.png,0,1564,1455,1616,1503,1.0,-1,Juv,1.0,(poly) 1564 1462 1576 1473 1580 1486 1587 1494 1591 1503 1616 1499 1611 1484 1594 1462 1581 1455 1564 1457 1565 1464 1564 1462
207799,20150624_SSLC0013_C.png,0,1527,1492,1595,1524,1.0,-1,Juv,1.0,(poly) 1553 1524 1578 1520 1588 1523 1595 1523 1595 1517 1588 1508 1581 1500 1575 1495 1563 1495 1556 1492 1541 1495 1533 1500 1527 1502 1527 1505 1534 1509 1542 1514 1546 1513 1547 1516 1543 1520 1542 1523 1553 1524
207800,20150624_SSLC0013_C.png,0,1479,1469,1573,1502,1.0,-1,Juv,1.0,(poly) 1489 1487 1484 1477 1479 1469 1496 1469 1516 1472 1527 1472 1538 1472 1548 1477 1564 1476 1569 1480 1573 1484 1570 1490 1550 1494 1535 1499 1528 1502 1513 1496 1499 1494 1489 1487
207801,20150624_SSLC0013_C.png,0,1443,1489,1537,1523,1.0,-1,Juv,1.0,(poly) 1459 1516 1456 1512 1450 1505 1447 1500 1443 1493 1445 1490 1452 1489 1461 1492 1472 1491 1470 1497 1473 1499 1477 1500 1481 1499 1483 1493 1488 1493 1497 1494 1508 1496 1517 1498 1526 1502 1527 1504 1529 1507 1535 1511 1537 1513 1533 1517 1523 1523 1512 1523 1500 1521 1487 1521 1480 1522 1459 1516
207802,20150624_SSLC0013_C.png,0,1423,1452,1489,1499,1.0,-1,Juv,1.0,(poly) 1423 1463 1432 1469 1439 1478 1453 1488 1460 1491 1473 1491 1470 1496 1472 1498 1480 1499 1485 1492 1489 1482 1483 1473 1473 1468 1444 1465 1437 1462 1427 1452 1423 1453 1423 1463
207803,20150624_SSLC0013_C.png,0,1456,1516,1523,1554,1.0,-1,Juv,1.0,(poly) 1490 1554 1503 1553 1517 1553 1522 1549 1523 1542 1521 1525 1509 1522 1488 1520 1479 1523 1463 1519 1460 1516 1456 1530 1461 1539 1466 1542 1470 1541 1470 1534 1476 1534 1482 1541 1486 1552 1490 1554
207804,20150624_SSLC0013_C.png,0,1431,1559,1511,1600,1.0,-1,Juv,1.0,(poly) 1434 1566 1438 1577 1445 1584 1454 1589 1469 1593 1465 1595 1471 1595 1479 1594 1483 1597 1491 1600 1498 1599 1509 1592 1511 1583 1508 1571 1507 1565 1501 1559 1501 1566 1499 1574 1494 1567 1488 1561 1483 1564 1478 1566 1466 1565 1457 1566 1452 1565 1441 1561 1434 1559 1431 1560 1434 1566
207806,20150624_SSLC0013_C.png,0,1492,1551,1543,1598,1.0,-1,Juv,1.0,(poly) 1496 1554 1492 1562 1496 1570 1509 1579 1516 1588 1526 1594 1535 1598 1541 1597 1543 1592 1540 1584 1521 1564 1509 1555 1502 1551 1496 1554
207807,20150624_SSLC0013_C.png,0,1520,1513,1563,1587,1.0,-1,Juv,1.0,(poly) 1547 1587 1553 1567 1556 1554 1561 1546 1563 1533 1556 1536 1552 1541 1547 1533 1541 1522 1544 1514 1539 1513 1526 1522 1521 1531 1525 1546 1521 1550 1520 1558 1527 1564 1531 1572 1537 1583 1547 1587
207808,20150624_SSLC0013_C.png,0,1549,1563,1610,1596,1.0,-1,Juv,1.0,(poly) 1578 1596 1595 1593 1604 1588 1609 1583 1610 1575 1606 1570 1597 1568 1587 1564 1578 1563 1577 1567 1581 1572 1572 1574 1564 1575 1556 1572 1551 1569 1549 1574 1551 1584 1558 1593 1570 1596 1578 1596
207809,20150624_SSLC0013_C.png,0,1571,1528,1626,1567,1.0,-1,Juv,1.0,(poly) 1576 1560 1574 1552 1573 1548 1571 1542 1573 1538 1579 1540 1581 1542 1588 1541 1592 1539 1594 1534 1596 1529 1604 1528 1607 1534 1611 1537 1618 1534 1622 1535 1623 1540 1626 1548 1623 1556 1617 1561 1609 1564 1599 1567 1586 1566 1576 1560
207810,20150624_SSLC0013_C.png,0,1517,1589,1569,1643,1.0,-1,Juv,1.0
207811,20150624_SSLC0013_C.png,0,1531,1632,1609,1663,1.0,-1,Juv,1.0,(poly) 1540 1656 1535 1656 1531 1648 1531 1638 1537 1633 1558 1632 1584 1638 1588 1642 1603 1643 1609 1647 1609 1653 1603 1657 1587 1663 1565 1663 1553 1660 1545 1656 1540 1655 1540 1656
207812,20150624_SSLC0013_C.png,0,1436,1602,1512,1679,1.0,-1,Juv,1.0,(poly) 1483 1657 1472 1655 1464 1644 1448 1621 1438 1621 1436 1618 1444 1614 1447 1607 1451 1602 1458 1607 1461 1612 1474 1619 1481 1620 1488 1625 1488 1619 1494 1615 1502 1622 1502 1627 1509 1634 1512 1640 1511 1660 1503 1673 1496 1678 1491 1679 1488 1674 1489 1663 1483 1657
207813,20150624_SSLC0013_C.png,0,1480,1653,1595,1719,1.0,-1,Juv,1.0,(poly) 1550 1693 1552 1709 1554 1719 1559 1719 1561 1712 1563 1699 1562 1691 1565 1685 1579 1678 1588 1677 1595 1670 1592 1665 1577 1662 1555 1661 1542 1663 1535 1658 1523 1653 1519 1658 1529 1668 1535 1672 1523 1676 1504 1679 1496 1677 1490 1668 1485 1674 1480 1683 1482 1688 1493 1692 1502 1696 1509 1708 1522 1705 1550 1693
207814,20150624_SSLC0013_C.png,0,1493,1705,1576,1741,1.0,-1,Juv,1.0,(poly) 1496 1705 1493 1718 1504 1720 1521 1733 1537 1737 1559 1741 1570 1741 1576 1728 1573 1723 1558 1721 1542 1713 1519 1709 1496 1705
207815,20150624_SSLC0013_C.png,0,1703,1700,1775,1747,1.0,-1,Juv,1.0,(poly) 1740 1741 1751 1744 1763 1742 1775 1734 1768 1714 1759 1704 1736 1700 1721 1712 1711 1728 1703 1742 1703 1747 1715 1739 1722 1733 1727 1735 1740 1741
207816,20150624_SSLC0013_C.png,0,1841,1538,1901,1598,1.0,-1,Juv,1.0,(poly) 1841 1588 1841 1577 1847 1564 1856 1558 1860 1553 1869 1547 1876 1547 1886 1541 1894 1538 1900 1542 1901 1549 1900 1556 1896 1569 1886 1581 1877 1580 1866 1584 1859 1589 1866 1593 1861 1597 1854 1598 1846 1595 1841 1588
207817,20150624_SSLC0013_C.png,0,1992,1613,2060,1665,1.0,-1,Juv,1.0,(poly) 2016 1656 2030 1662 2040 1660 2053 1665 2058 1665 2060 1656 2057 1648 2039 1632 2032 1627 2027 1624 2020 1619 2006 1613 1992 1622 1994 1632 1997 1644 2016 1656
207818,20150624_SSLC0013_C.png,0,2017,1581,2097,1625,1.0,-1,Juv,1.0,(poly) 2041 1625 2058 1623 2080 1617 2090 1600 2096 1588 2097 1581 2084 1582 2073 1587 2056 1584 2053 1583 2042 1581 2037 1584 2035 1587 2027 1589 2017 1599 2018 1607 2017 1614 2019 1618 2028 1623 2032 1618 2044 1615 2050 1615 2042 1617 2038 1619 2036 1624 2041 1625
207819,20150624_SSLC0013_C.png,0,2013,1661,2079,1728,1.0,-1,Juv,1.0,(poly) 2016 1728 2026 1727 2036 1717 2054 1711 2058 1702 2067 1690 2075 1683 2078 1671 2079 1663 2066 1661 2050 1666 2039 1672 2026 1686 2020 1696 2018 1708 2013 1723 2016 1728
207820,20150624_SSLC0013_C.png,0,2072,1701,2178,1760,1.0,-1,Juv,1.0,(poly) 2085 1760 2087 1753 2087 1743 2091 1742 2106 1747 2135 1743 2146 1736 2158 1720 2171 1718 2178 1714 2174 1706 2168 1703 2161 1701 2145 1708 2137 1712 2110 1714 2130 1709 2115 1703 2105 1704 2082 1711 2075 1718 2072 1727 2074 1741 2077 1752 2085 1760
207821,20150624_SSLC0013_C.png,0,2155,1095,2246,1166,1.0,-1,Juv,1.0,(poly) 2158 1147 2155 1141 2161 1131 2164 1124 2178 1119 2175 1107 2176 1098 2176 1097 2183 1100 2188 1108 2192 1115 2211 1107 2218 1102 2221 1095 2234 1097 2243 1101 2245 1112 2246 1122 2227 1131 2209 1139 2207 1142 2209 1154 2211 1163 2206 1166 2194 1148 2178 1146 2158 1147
207822,20150624_SSLC0013_C.png,0,2217,1118,2305,1171,1.0,-1,Juv,1.0,(poly) 2247 1171 2255 1166 2270 1167 2283 1165 2294 1160 2297 1152 2298 1151 2305 1137 2304 1134 2293 1136 2284 1135 2269 1124 2262 1120 2252 1118 2239 1123 2230 1131 2227 1140 2230 1149 2230 1156 2220 1161 2217 1165 2221 1167 2235 1169 2247 1171
207823,20150624_SSLC0013_C.png,0,2240,1014,2352,1099,1.0,-1,Juv,1.0,(poly) 2272 1099 2301 1093 2312 1078 2323 1068 2338 1056 2347 1048 2352 1034 2349 1028 2338 1029 2329 1036 2313 1036 2307 1035 2302 1027 2282 1014 2269 1014 2270 1017 2278 1023 2292 1038 2271 1041 2251 1043 2240 1046 2240 1057 2259 1070 2274 1077 2294 1075 2286 1085 2272 1099
207824,20150624_SSLC0013_C.png,0,2346,1078,2400,1138,1.0,-1,Juv,1.0,(poly) 2346 1132 2358 1138 2377 1129 2387 1116 2397 1114 2400 1091 2383 1085 2373 1078 2362 1079 2363 1087 2370 1093 2352 1105 2346 1132
207825,20150624_SSLC0013_C.png,0,2396,1165,2444,1246,1.0,-1,Juv,1.0,(poly) 2409 1207 2403 1215 2397 1220 2396 1212 2397 1203 2402 1192 2411 1184 2419 1170 2426 1165 2432 1166 2436 1174 2435 1179 2440 1185 2441 1194 2444 1200 2442 1210 2436 1223 2435 1229 2440 1229 2443 1231 2439 1238 2427 1243 2418 1246 2407 1240 2406 1229 2409 1207
207826,20150624_SSLC0013_C.png,0,2466,1101,2536,1160,1.0,-1,Juv,1.0,(poly) 2498 1160 2506 1156 2518 1149 2525 1140 2536 1120 2534 1104 2529 1101 2522 1106 2510 1110 2501 1118 2493 1128 2477 1134 2466 1139 2467 1145 2479 1154 2493 1157 2498 1160
207827,20150624_SSLC0013_C.png,0,2473,1019,2534,1052,1.0,-1,Juv,1.0,(poly) 2482 1052 2481 1046 2478 1045 2473 1046 2475 1038 2484 1034 2492 1024 2504 1020 2516 1019 2533 1023 2534 1028 2529 1035 2521 1040 2520 1045 2519 1047 2511 1050 2500 1047 2490 1050 2488 1051 2482 1052
207828,20150624_SSLC0013_C.png,0,2505,952,2581,1017,1.0,-1,Juv,1.0,(poly) 2512 1012 2505 1009 2515 1001 2521 992 2534 984 2533 981 2542 975 2554 967 2565 968 2565 962 2563 953 2569 952 2574 952 2580 963 2581 976 2576 995 2567 1005 2555 1010 2548 1004 2532 1012 2529 1017 2512 1012
207829,20150624_SSLC0013_C.png,0,2519,1010,2572,1079,1.0,-1,Juv,1.0,(poly) 2553 1075 2562 1065 2563 1059 2567 1059 2571 1056 2568 1045 2565 1039 2560 1032 2561 1024 2569 1020 2572 1012 2559 1010 2541 1017 2535 1026 2530 1033 2521 1037 2519 1040 2519 1045 2525 1048 2529 1048 2529 1061 2521 1079 2535 1076 2553 1075
207830,20150624_SSLC0013_C.png,0,2481,1156,2567,1252,1.0,-1,Juv,1.0,(poly) 2487 1252 2509 1252 2525 1244 2538 1226 2544 1216 2545 1202 2550 1187 2560 1171 2567 1164 2559 1158 2548 1156 2541 1175 2522 1192 2510 1200 2513 1187 2502 1196 2494 1209 2484 1226 2481 1239 2487 1252
207831,20150624_SSLC0013_C.png,0,2303,1738,2377,1823,1.0,-1,Juv,1.0,(poly) 2303 1791 2305 1808 2311 1817 2329 1823 2335 1815 2339 1805 2357 1787 2366 1773 2368 1765 2377 1750 2377 1743 2370 1738 2355 1745 2339 1754 2319 1760 2307 1769 2306 1777 2317 1774 2327 1771 2315 1786 2309 1795 2303 1791
207832,20150624_SSLC0013_C.png,0,2180,1830,2273,1900,1.0,-1,Juv,1.0,(poly) 2180 1872 2193 1882 2201 1883 2218 1880 2242 1876 2255 1876 2256 1898 2260 1900 2264 1891 2262 1874 2263 1857 2270 1837 2273 1832 2263 1830 2240 1844 2229 1840 2213 1844 2228 1853 2209 1856 2195 1866 2180 1872
207833,20150624_SSLC0013_C.png,0,2163,1870,2263,1918,1.0,-1,Juv,1.0,(poly) 2165 1899 2164 1895 2163 1883 2166 1875 2172 1881 2183 1881 2198 1882 2210 1878 2229 1875 2251 1875 2257 1877 2259 1870 2263 1876 2262 1894 2257 1901 2254 1889 2237 1895 2227 1905 2221 1916 2209 1918 2199 1914 2185 1911 2165 1899
207834,20150624_SSLC0013_C.png,0,2163,1908,2255,1963,1.0,-1,Juv,1.0,(poly) 2163 1929 2165 1917 2173 1908 2183 1910 2192 1914 2197 1921 2215 1922 2227 1930 2235 1941 2255 1956 2255 1963 2239 1962 2223 1959 2202 1954 2180 1948 2169 1940 2163 1929
207835,20150624_SSLC0013_C.png,0,2158,1957,2214,2000,1.0,-1,Juv,1.0,(poly) 2169 1990 2165 1992 2158 1994 2160 1997 2170 2000 2178 1997 2184 1994 2196 1986 2199 1976 2204 1971 2210 1978 2214 1979 2212 1971 2207 1965 2209 1959 2199 1958 2189 1957 2174 1963 2167 1977 2169 1990
207836,20150624_SSLC0013_C.png,0,2092,2019,2161,2086,1.0,-1,Juv,1.0,(poly) 2125 2078 2131 2086 2142 2071 2150 2052 2156 2030 2161 2021 2152 2019 2140 2028 2119 2045 2118 2039 2104 2051 2097 2055 2092 2061 2102 2072 2112 2079 2125 2078
207837,20150624_SSLC0013_C.png,0,2066,2066,2117,2155,1.0,-1,Juv,1.0,(poly) 2070 2155 2087 2148 2093 2140 2097 2126 2108 2109 2117 2086 2106 2072 2093 2066 2073 2069 2070 2092 2070 2130 2066 2146 2070 2155
207838,20150624_SSLC0013_C.png,0,2107,2168,2149,2234,1.0,-1,Juv,1.0,(poly) 2107 2231 2108 2215 2110 2205 2116 2197 2119 2184 2131 2173 2142 2168 2149 2175 2145 2191 2142 2197 2139 2215 2136 2224 2128 2234 2113 2234 2107 2231
207839,20150624_SSLC0013_C.png,0,2011,2237,2099,2288,1.0,-1,Juv,1.0,(poly) 2022 2286 2035 2288 2047 2282 2062 2274 2072 2269 2081 2264 2088 2265 2097 2263 2099 2257 2082 2250 2073 2241 2064 2237 2059 2237 2064 2242 2065 2244 2056 2249 2050 2249 2039 2259 2032 2265 2024 2269 2018 2273 2011 2274 2022 2286
207840,20150624_SSLC0013_C.png,0,2001,2208,2081,2272,1.0,-1,Juv,1.0,(poly) 2002 2272 2016 2272 2034 2257 2045 2247 2056 2239 2068 2231 2076 2226 2081 2221 2081 2215 2067 2208 2047 2211 2032 2223 2022 2228 2011 2242 2012 2250 2005 2259 2001 2265 2002 2272
207841,20150624_SSLC0013_C.png,0,1713,2128,1779,2183,1.0,-1,Juv,1.0,(poly) 1718 2179 1730 2183 1735 2167 1752 2157 1760 2158 1776 2149 1779 2139 1779 2130 1764 2128 1748 2132 1731 2138 1721 2152 1713 2169 1718 2179
207842,20150624_SSLC0013_C.png,0,1430,2425,1472,2510,1.0,-1,Juv,1.0,(poly) 1443 2507 1456 2510 1467 2498 1463 2486 1466 2474 1469 2477 1472 2469 1471 2454 1468 2442 1454 2431 1450 2428 1437 2425 1434 2433 1439 2443 1435 2456 1436 2468 1430 2491 1443 2507
207843,20150624_SSLC0013_C.png,0,1435,2362,1499,2433,1.0,-1,Juv,1.0,(poly) 1435 2414 1440 2399 1445 2393 1449 2379 1460 2384 1467 2381 1471 2377 1460 2367 1461 2363 1472 2362 1483 2370 1487 2379 1496 2376 1499 2377 1495 2387 1492 2398 1489 2407 1490 2415 1487 2426 1484 2430 1478 2419 1477 2407 1469 2408 1459 2418 1462 2425 1470 2428 1461 2433 1443 2426 1437 2419 1435 2414
207844,20150624_SSLC0013_C.png,0,1350,2162,1391,2210,1.0,-1,Juv,1.0,(poly) 1359 2210 1367 2203 1378 2193 1388 2188 1391 2183 1390 2174 1387 2166 1375 2163 1370 2162 1369 2165 1370 2168 1356 2179 1351 2191 1350 2206 1359 2210
207845,20150624_SSLC0013_C.png,0,1376,2083,1421,2119,1.0,-1,Juv,1.0,(poly) 1376 2092 1382 2096 1392 2109 1397 2118 1409 2119 1421 2116 1420 2104 1409 2093 1402 2086 1381 2083 1376 2092
207846,20150624_SSLC0013_C.png,0,1581,2290,1645,2338,1.0,-1,Juv,1.0,(poly) 1581 2322 1582 2316 1584 2311 1589 2305 1599 2301 1606 2294 1616 2290 1624 2291 1625 2296 1618 2299 1617 2302 1626 2305 1631 2308 1636 2305 1640 2295 1641 2294 1645 2299 1641 2308 1636 2315 1634 2323 1630 2329 1622 2336 1615 2338 1612 2338 1615 2333 1618 2328 1609 2325 1605 2324 1607 2329 1605 2331 1597 2330 1587 2327 1581 2322
207847,20150624_SSLC0013_C.png,0,1498,2281,1564,2347,1.0,-1,Juv,1.0,(poly) 1503 2346 1498 2334 1504 2330 1513 2330 1527 2313 1537 2297 1546 2282 1555 2281 1560 2288 1563 2297 1562 2309 1564 2323 1557 2332 1542 2344 1525 2347 1511 2344 1503 2346
207848,20150624_SSLC0013_C.png,0,1718,1861,1802,1931,1.0,-1,Juv,1.0,(poly) 1723 1931 1751 1931 1744 1922 1760 1918 1773 1915 1785 1925 1792 1929 1791 1916 1790 1908 1792 1888 1794 1880 1801 1872 1802 1865 1798 1862 1787 1864 1774 1872 1760 1861 1750 1862 1761 1886 1729 1906 1728 1884 1720 1901 1718 1919 1723 1931
207849,20150624_SSLC0013_C.png,0,1793,1867,1877,1968,1.0,-1,Juv,1.0,(poly) 1811 1968 1800 1937 1803 1917 1793 1904 1793 1888 1795 1879 1800 1874 1803 1867 1812 1873 1818 1885 1829 1890 1850 1882 1865 1882 1851 1893 1835 1901 1838 1907 1866 1927 1875 1908 1877 1920 1874 1938 1872 1946 1844 1965 1848 1954 1854 1948 1823 1934 1811 1968
207850,20150624_SSLC0013_C.png,0,1857,1795,1926,1877,1.0,-1,Juv,1.0,(poly) 1861 1877 1874 1873 1918 1850 1926 1840 1912 1841 1907 1843 1914 1821 1917 1813 1920 1824 1924 1821 1923 1813 1919 1800 1910 1795 1899 1796 1887 1809 1890 1812 1885 1820 1883 1817 1884 1810 1882 1803 1881 1803 1874 1811 1871 1818 1871 1830 1869 1839 1866 1852 1859 1868 1857 1874 1861 1877
207851,20150624_SSLC0013_C.png,0,1877,1952,1927,2013,1.0,-1,Juv,1.0,(poly) 1878 2010 1888 2013 1921 1994 1927 1973 1923 1960 1918 1953 1909 1952 1899 1956 1893 1960 1890 1970 1886 1977 1889 1980 1886 1989 1884 1996 1877 2002 1878 2010
207852,20150624_SSLC0013_C.png,0,1038,1177,1086,1201,1.0,-1,Juv,1.0,(poly) 1065 1200 1075 1201 1082 1200 1085 1191 1086 1181 1079 1177 1067 1177 1055 1177 1040 1177 1038 1186 1044 1194 1055 1200 1065 1200
